from,to,line,km
4·19민주묘지,가오리,우이신설선,0.85
4·19민주묘지,솔밭공원,우이신설선,0.73
가능,녹양,1호선,1.22
가능,의정부,1호선,1.23
가락시장,경찰병원,3호선,0.64
가락시장,문정,8호선,0.83
가락시장,송파,8호선,0.95
가락시장,수서,3호선,1.49
가산디지털단지,구로,1호선,2.33
가산디지털단지,남구로,7호선,0.52
가산디지털단지,독산,1호선,1.83
가산디지털단지,철산,7호선,1.45
가양,양천향교,9호선,1.47
가양,증미,9호선,0.73
가오리,화계,우이신설선,0.89
가재울,인천가좌,인천2호선,1.06
가재울,주안국가산단,인천2호선,1.19
가정,가정중앙시장,인천2호선,0.79
가정,서해구청,인천2호선,2.14
가정중앙시장,석남,인천2호선,1.19
가좌,디지털미디어시티,경의·중앙선,1.71
가좌,신촌,경의·중앙선,2.52
가좌,홍대입구,경의·중앙선,1.58
가천대,복정,수인·분당선,2.55
가천대,태평,수인·분당선,1.00
가평,굴봉산,경춘선,4.51
가평,상천,경춘선,6.99
간석,동암,1호선,1.10
간석,주안,1호선,1.20
간석오거리,부평삼거리,인천1호선,1.19
간석오거리,인천시청,인천1호선,1.26
갈매,별내,경춘선,1.46
갈매,신내,경춘선,2.58
갈산,부평구청,인천1호선,1.03
갈산,작전,인천1호선,1.52
강남,교대,2호선,1.34
강남,신논현,신분당선,0.78
강남,양재,신분당선,1.60
강남,역삼,2호선,0.88
강남구청,선정릉,수인·분당선,0.71
강남구청,압구정로데오,수인·분당선,1.23
강남구청,청담,7호선,0.80
강남구청,학동,7호선,0.99
강남대,기흥,에버라인,1.06
강남대,지석,에버라인,0.93
강동,길동,5호선,0.72
강동,둔촌동,5호선,0.95
강동,천호,5호선,0.87
강동구청,몽촌토성,8호선,1.62
강동구청,천호,8호선,0.85
강매,한국항공대,경의·중앙선,2.29
강매,행신,경의·중앙선,0.89
강변,구의,2호선,0.94
강변,잠실나루,2호선,1.79
강일,미사,5호선,1.59
강일,상일동,5호선,0.98
강촌,김유정,경춘선,7.19
강촌,백양리,경춘선,4.83
개롱,거여,5호선,0.95
개롱,오금,5호선,0.73
개봉,구일,1호선,0.96
개봉,오류동,1호선,1.30
개포동,구룡,수인·분당선,0.63
개포동,대모산입구,수인·분당선,0.64
개화,김포공항,9호선,1.88
개화산,김포공항,5호선,1.34
개화산,방화,5호선,0.65
거여,마천,5호선,0.81
건대입구,구의,2호선,1.55
건대입구,성수,2호선,1.24
건대입구,어린이대공원,7호선,0.94
건대입구,자양,7호선,1.11
걸포북변,사우,김포골드라인,1.75
걸포북변,운양,김포골드라인,3.14
검단사거리,마전,인천2호선,1.03
검단사거리,왕길,인천2호선,1.46
검단오류,왕길,인천2호선,1.28
검단호수공원,신검단중앙,인천1호선,0.88
검바위,검암,인천2호선,0.98
검바위,아시아드경기장,인천2호선,1.10
검암,계양,공항철도,5.53
검암,독정,인천2호선,1.74
검암,청라국제도시,공항철도,4.54
경기광주,삼동,경강선,4.54
경기광주,초월,경강선,5.06
경기도청북부청사,새말,의정부경전철,0.72
경기도청북부청사,효자,의정부경전철,0.61
경마공원,대공원,4호선,0.98
경마공원,선바위,4호선,0.88
경복궁,독립문,3호선,1.39
경복궁,안국,3호선,1.12
경인교대입구,계산,인천1호선,0.73
경인교대입구,작전,인천1호선,0.90
경전철의정부,범골,의정부경전철,0.95
경전철의정부,의정부시청,의정부경전철,0.77
경찰병원,오금,3호선,0.86
계산,임학,인천1호선,0.97
계양,귤현,인천1호선,0.86
계양,김포공항,공항철도,5.85
계양,아라,인천1호선,3.04
고덕,명일,5호선,0.92
고덕,상일동,5호선,1.01
고려대,안암,6호선,0.70
고려대,월곡,6호선,1.44
고색,수원,수인·분당선,2.63
고색,오목천,수인·분당선,1.67
고속터미널,교대,3호선,1.56
고속터미널,내방,7호선,2.28
고속터미널,반포,7호선,0.69
고속터미널,사평,9호선,0.93
고속터미널,신반포,9호선,0.77
고속터미널,잠원,3호선,1.02
고잔,중앙,4호선,1.36
고잔,중앙,수인·분당선,1.36
고잔,초지,4호선,1.59
고잔,초지,수인·분당선,1.59
고진,보평,에버라인,1.64
고진,용인중앙시장,에버라인,0.87
고촌,김포공항,김포골드라인,5.18
고촌,풍무,김포골드라인,3.55
곡산,대곡,경의·중앙선,1.77
곡산,대곡,서해선,1.77
곡산,백마,경의·중앙선,1.37
곡산,백마,서해선,1.37
곤제,어룡,의정부경전철,0.88
곤제,효자,의정부경전철,0.70
곤지암,신둔도예촌,경강선,6.50
곤지암,초월,경강선,4.77
공덕,대흥,6호선,1.05
공덕,마포,5호선,0.64
공덕,서강대,경의·중앙선,1.97
공덕,서울역,공항철도,2.11
공덕,애오개,5호선,1.29
공덕,홍대입구,공항철도,2.99
공덕,효창공원앞,6호선,0.87
공덕,효창공원앞,경의·중앙선,0.87
공릉,태릉입구,7호선,0.94
공릉,하계,7호선,1.23
공항시장,김포공항,9호선,0.80
공항시장,신방화,9호선,0.79
공항화물청사,운서,공항철도,4.03
공항화물청사,인천공항1터미널,공항철도,2.55
과천,대공원,4호선,0.86
과천,정부과천청사,4호선,0.96
관악,석수,1호선,1.81
관악,안양,1호선,2.43
관악산,서울대벤처타운,신림선,1.08
광교,광교중앙,신분당선,1.70
광교중앙,상현,신분당선,1.86
광나루,아차산,5호선,1.40
광나루,천호,5호선,1.91
광명,금천구청,1호선,4.45
광명사거리,천왕,7호선,1.51
광명사거리,철산,7호선,1.29
광운대,상봉,경춘선,3.58
광운대,석계,1호선,1.01
광운대,월계,1호선,1.02
광화문,서대문,5호선,1.12
광화문,종로3가,5호선,1.30
광흥창,대흥,6호선,0.91
광흥창,상수,6호선,0.80
교대,남부터미널,3호선,0.91
교대,서초,2호선,0.56
구래,마산,김포골드라인,1.46
구래,양촌,김포골드라인,1.30
구로,구일,1호선,1.46
구로,신도림,1호선,1.00
구로디지털단지,대림,2호선,1.14
구로디지털단지,신대방,2호선,1.00
구룡,도곡,수인·분당선,0.56
구리,도농,경의·중앙선,1.95
구리,동구릉,8호선,0.98
구리,양원,경의·중앙선,3.02
구리,장자호수공원,8호선,1.71
구반포,동작,9호선,0.53
구반포,신반포,9호선,0.89
구산,연신내,6호선,0.99
구산,응암,6호선,1.37
구성,동탄,GTX-A,11.21
구성,보정,수인·분당선,1.50
구성,수서,GTX-A,20.95
구성,신갈,수인·분당선,1.52
구파발,연신내,3호선,1.94
구파발,지축,3호선,1.28
국수,신원,경의·중앙선,2.55
국수,아신,경의·중앙선,3.88
국제업무지구,센트럴파크,인천1호선,0.80
국제업무지구,송도달빛축제공원,인천1호선,0.87
국회의사당,당산,9호선,1.62
국회의사당,여의도,9호선,0.81
군자,아차산,5호선,1.09
군자,어린이대공원,7호선,1.16
군자,장한평,5호선,1.40
군자,중곡,7호선,1.10
군포,금정,1호선,2.06
군포,당정,1호선,1.22
굴봉산,백양리,경춘선,2.82
굴포천,부평구청,7호선,1.01
굴포천,삼산체육관,7호선,0.97
굽은다리,길동,5호선,0.85
굽은다리,명일,5호선,0.70
귤현,박촌,인천1호선,1.38
금곡,사릉,경춘선,3.09
금곡,평내호평,경춘선,3.71
금릉,금촌,경의·중앙선,1.87
금릉,운정,경의·중앙선,2.86
금정,명학,1호선,1.52
금정,범계,4호선,2.13
금정,산본,4호선,1.88
금천구청,독산,1호선,1.23
금천구청,석수,1호선,2.56
금촌,월롱,경의·중앙선,3.76
금호,약수,3호선,0.89
금호,옥수,3호선,0.81
기흥,상갈,수인·분당선,1.65
기흥,신갈,수인·분당선,1.25
길음,미아사거리,4호선,1.29
길음,성신여대입구,4호선,1.29
김량장,명지대,에버라인,0.75
김량장,용인중앙시장,에버라인,0.92
김유정,남춘천,경춘선,5.13
김포공항,능곡,서해선,6.58
김포공항,마곡나루,공항철도,2.37
김포공항,송정,5호선,0.93
김포공항,원종,서해선,4.44
까치산,신정,5호선,1.07
까치산,신정네거리,2호선,1.38
까치산,화곡,5호선,1.28
까치울,부천종합운동장,7호선,1.23
까치울,온수,7호선,1.89
낙성대,사당,2호선,1.68
낙성대,서울대입구,2호선,1.06
남구로,대림,7호선,1.14
남동구청,만수,인천2호선,0.88
남동구청,인천대공원,인천2호선,1.41
남동인더스파크,원인재,수인·분당선,0.98
남동인더스파크,호구포,수인·분당선,1.36
남부터미널,양재,3호선,1.59
남성,숭실대입구,7호선,2.01
남성,이수,7호선,0.90
남영,서울역,1호선,1.45
남영,용산,1호선,1.10
남위례,복정,8호선,1.54
남위례,산성,8호선,1.09
남춘천,춘천,경춘선,2.37
남태령,사당,4호선,1.50
남태령,선바위,4호선,1.93
남한산성입구,단대오거리,8호선,0.77
남한산성입구,산성,8호선,1.05
내방,이수,7호선,0.92
노들,노량진,9호선,1.04
노들,흑석,9호선,1.05
노량진,대방,1호선,1.45
노량진,샛강,9호선,1.26
노량진,용산,1호선,2.87
노원,마들,7호선,1.04
노원,상계,4호선,1.00
노원,중계,7호선,1.19
노원,창동,4호선,1.43
녹번,불광,3호선,1.10
녹번,홍제,3호선,1.56
녹사평,삼각지,6호선,1.20
녹사평,이태원,6호선,0.70
녹양,양주,1호선,1.66
녹천,월계,1호선,1.44
녹천,창동,1호선,1.09
논현,반포,7호선,0.93
논현,신논현,신분당선,0.66
논현,신사,신분당선,0.72
논현,학동,7호선,0.90
능곡,대곡,경의·중앙선,1.65
능곡,대곡,서해선,1.65
능곡,행신,경의·중앙선,1.51
다산,동구릉,8호선,1.82
다산,별내,8호선,2.77
단대오거리,신흥,8호선,0.92
달미,선부,서해선,1.63
달미,시흥능곡,서해선,2.36
달월,오이도,수인·분당선,2.09
달월,월곶,수인·분당선,1.31
답십리,마장,5호선,0.87
답십리,장한평,5호선,1.20
당곡,보라매병원,신림선,0.48
당곡,신림,신림선,0.63
당산,선유도,9호선,0.83
당산,영등포구청,2호선,1.09
당산,합정,2호선,2.09
당정,의왕,1호선,2.56
대곡,백석,3호선,2.28
대곡,연신내,GTX-A,9.89
대곡,킨텍스,GTX-A,6.55
대곡,화정,3호선,2.04
대림,신도림,2호선,1.77
대림,신풍,7호선,1.45
대모산입구,수서,수인·분당선,2.61
대방,샛강,신림선,0.50
대방,서울지방병무청,신림선,0.86
대방,신길,1호선,0.90
대성리,마석,경춘선,6.90
대성리,청평,경춘선,7.08
대야미,반월,4호선,2.08
대야미,수리산,4호선,2.64
대청,일원,3호선,1.17
대청,학여울,3호선,0.90
대치,도곡,3호선,0.79
대치,학여울,3호선,0.63
대화,주엽,3호선,1.39
덕계,덕정,1호선,2.76
덕계,양주,1호선,5.07
덕소,도심,경의·중앙선,1.50
덕소,양정,경의·중앙선,2.25
덕정,지행,1호선,5.48
도곡,매봉,3호선,0.86
도곡,한티,수인·분당선,0.64
도농,양정,경의·중앙선,2.93
도라산,임진강,경의·중앙선,3.78
도림천,신도림,2호선,0.97
도림천,양천구청,2호선,1.49
도봉,도봉산,1호선,1.18
도봉,방학,1호선,1.30
도봉산,망월사,1호선,2.30
도봉산,수락산,7호선,1.53
도봉산,장암,7호선,1.40
도심,팔당,경의·중앙선,4.00
도원,동인천,1호선,1.10
도원,제물포,1호선,1.35
도화,제물포,1호선,0.96
도화,주안,1호선,1.02
독립문,무악재,3호선,1.09
독바위,불광,6호선,0.98
독바위,연신내,6호선,1.08
독정,완정,인천2호선,0.91
돌곶이,상월곡,6호선,0.87
돌곶이,석계,6호선,0.95
동대문,동대문역사문화공원,4호선,0.55
동대문,동묘앞,1호선,0.57
동대문,종로5가,1호선,0.72
동대문,혜화,4호선,1.43
동대문역사문화공원,신당,2호선,1.03
동대문역사문화공원,을지로4가,2호선,0.90
동대문역사문화공원,을지로4가,5호선,0.90
동대문역사문화공원,청구,5호선,0.80
동대문역사문화공원,충무로,4호선,1.32
동대입구,약수,3호선,0.63
동대입구,충무로,3호선,0.98
동두천,보산,1호선,1.50
동두천,소요산,1호선,2.33
동두천중앙,보산,1호선,1.39
동두천중앙,지행,1호선,1.04
동막,동춘,인천1호선,0.91
동막,캠퍼스타운,인천1호선,1.59
동묘앞,신당,6호선,0.73
동묘앞,신설동,1호선,0.98
동묘앞,창신,6호선,0.93
동백,어정,에버라인,1.03
동백,초당,에버라인,1.09
동수,부평,인천1호선,0.69
동수,부평삼거리,인천1호선,1.11
동암,백운,1호선,1.42
동오,새말,의정부경전철,0.71
동오,의정부중앙,의정부경전철,0.67
동인천,인천,1호선,1.33
동작,이촌,4호선,2.37
동작,총신대입구,4호선,1.68
동작,흑석,9호선,1.64
동천,미금,신분당선,1.45
동천,수지구청,신분당선,1.85
동춘,원인재,인천1호선,1.10
두정,직산,1호선,4.13
두정,천안,1호선,2.53
둔전,보평,에버라인,1.02
둔전,전대·에버랜드,에버라인,2.09
둔촌동,올림픽공원,5호선,1.40
둔촌오륜,올림픽공원,9호선,0.82
둔촌오륜,중앙보훈병원,9호선,1.28
등촌,염창,9호선,1.07
등촌,증미,9호선,0.73
디지털미디어시티,마곡나루,공항철도,6.31
디지털미디어시티,수색,경의·중앙선,0.48
디지털미디어시티,월드컵경기장,6호선,0.82
디지털미디어시티,증산,6호선,1.28
디지털미디어시티,홍대입구,공항철도,3.22
뚝섬,성수,2호선,0.82
뚝섬,한양대,2호선,0.94
마곡,발산,5호선,1.14
마곡,송정,5호선,1.13
마곡나루,신방화,9호선,0.88
마곡나루,양천향교,9호선,1.21
마두,백석,3호선,1.34
마두,정발산,3호선,0.94
마들,수락산,7호선,1.38
마산,장기,김포골드라인,2.22
마석,천마산,경춘선,2.45
마장,왕십리,5호선,0.74
마전,완정,인천2호선,0.73
마포,여의나루,5호선,1.85
마포구청,망원,6호선,1.03
마포구청,월드컵경기장,6호선,0.82
만수,모래내시장,인천2호선,1.09
망우,상봉,경의·중앙선,0.69
망우,상봉,경춘선,0.69
망우,신내,경춘선,1.83
망우,양원,경의·중앙선,1.61
망원,합정,6호선,0.77
망월사,회룡,1호선,1.74
망포,매탄권선,수인·분당선,1.68
망포,영통,수인·분당선,1.41
매교,수원,수인·분당선,1.28
매교,수원시청,수인·분당선,1.49
매봉,양재,3호선,1.15
매탄권선,수원시청,수인·분당선,1.23
먹골,중화,7호선,1.10
먹골,태릉입구,7호선,0.70
면목,사가정,7호선,0.86
면목,상봉,7호선,0.95
명동,충무로,4호선,0.75
명동,회현,4호선,0.73
명지대,시청·용인대,에버라인,1.02
명학,안양,1호선,2.17
모란,수진,8호선,1.18
모란,야탑,수인·분당선,2.32
모란,태평,수인·분당선,0.85
모래내시장,석천사거리,인천2호선,0.78
목동,신정,5호선,0.77
목동,오목교,5호선,0.95
몽촌토성,잠실,8호선,1.06
무악재,홍제,3호선,0.89
문래,신도림,2호선,1.10
문래,영등포구청,2호선,0.78
문산,운천,경의·중앙선,3.15
문산,파주,경의·중앙선,4.42
문정,장지,8호선,0.83
문학경기장,선학,인천1호선,0.86
문학경기장,인천터미널,인천1호선,0.80
미금,오리,수인·분당선,1.04
미금,정자,수인·분당선,1.71
미금,정자,신분당선,1.71
미사,하남풍산,5호선,1.53
미아,미아사거리,4호선,1.40
미아,수유,4호선,1.40
박촌,임학,인천1호선,1.09
반월,상록수,4호선,3.46
발곡,회룡,의정부경전철,0.55
발산,우장산,5호선,1.07
방배,사당,2호선,1.45
방배,서초,2호선,1.45
방이,오금,5호선,0.75
방이,올림픽공원,5호선,0.91
방학,창동,1호선,1.52
배방,온양온천,1호선,4.45
배방,탕정,1호선,3.06
백마,풍산,경의·중앙선,1.87
백마,풍산,서해선,1.87
백운,부평,1호선,1.77
버티고개,약수,6호선,0.81
버티고개,한강진,6호선,1.03
범계,평촌,4호선,1.25
범골,회룡,의정부경전철,0.53
별내,퇴계원,경춘선,1.54
별내별가람,불암산,4호선,3.39
별내별가람,오남,4호선,7.84
병점,서동탄,1호선,2.02
병점,세류,1호선,4.43
병점,세마,1호선,2.41
보라매,보라매공원,신림선,0.54
보라매,서울지방병무청,신림선,0.71
보라매,신대방삼거리,7호선,0.74
보라매,신풍,7호선,0.96
보라매공원,보라매병원,신림선,0.59
보문,성신여대입구,우이신설선,0.86
보문,신설동,우이신설선,1.39
보문,안암,6호선,0.89
보문,창신,6호선,0.71
보정,죽전,수인·분당선,1.36
복정,수서,수인·분당선,2.80
복정,장지,8호선,0.81
봉명,쌍용,1호선,1.56
봉명,천안,1호선,1.48
봉은사,삼성중앙,9호선,0.58
봉은사,종합운동장,9호선,1.37
봉천,서울대입구,2호선,0.96
봉천,신림,2호선,1.10
봉화산,신내,6호선,1.19
봉화산,화랑대,6호선,0.70
부개,부평,1호선,1.36
부개,송내,1호선,1.04
부발,세종대왕릉,경강선,8.01
부발,이천,경강선,4.28
부천,소사,1호선,1.19
부천,중동,1호선,1.63
부천시청,상동,7호선,0.89
부천시청,신중동,7호선,1.17
부천종합운동장,소사,서해선,2.57
부천종합운동장,원종,서해선,1.96
부천종합운동장,춘의,7호선,0.93
부평,부평시장,인천1호선,1.03
부평구청,부평시장,인천1호선,1.04
부평구청,산곡,7호선,1.43
북한산보국문,솔샘,우이신설선,1.04
북한산보국문,정릉,우이신설선,1.12
북한산우이,솔밭공원,우이신설선,0.83
불광,역촌,6호선,0.79
불광,연신내,3호선,1.36
불암산,상계,4호선,1.18
사가정,용마산,7호선,0.78
사당,총신대입구,4호선,1.17
사릉,퇴계원,경춘선,2.96
사리,야목,수인·분당선,4.04
사리,한대앞,수인·분당선,2.14
사우,풍무,김포골드라인,1.42
사평,신논현,9호선,0.84
산곡,석남,7호선,2.44
산본,수리산,4호선,1.05
삼가,시청·용인대,에버라인,0.99
삼가,초당,에버라인,2.21
삼각지,숙대입구,4호선,1.19
삼각지,신용산,4호선,0.74
삼각지,효창공원앞,6호선,1.15
삼동,이매,경강선,6.80
삼산체육관,상동,7호선,0.96
삼성,선릉,2호선,1.45
삼성,종합운동장,2호선,1.01
삼성중앙,선정릉,9호선,0.92
삼송,원흥,3호선,1.94
삼송,지축,3호선,1.81
삼양,삼양사거리,우이신설선,0.68
삼양,화계,우이신설선,0.79
삼양사거리,솔샘,우이신설선,0.61
삼전,석촌고분,9호선,0.86
삼전,종합운동장,9호선,1.29
상갈,청명,수인·분당선,2.61
상도,숭실대입구,7호선,1.01
상도,장승배기,7호선,0.77
상록수,한대앞,4호선,1.41
상봉,중랑,경의·중앙선,0.82
상봉,중랑,경춘선,0.82
상봉,중화,7호선,0.71
상수,합정,6호선,0.78
상왕십리,신당,2호선,0.84
상왕십리,왕십리,2호선,0.78
상월곡,월곡,6호선,0.76
상천,청평,경춘선,4.56
상현,성복,신분당선,2.03
새절,응암,6호선,0.88
새절,증산,6호선,0.84
샛강,여의도,9호선,0.62
서강대,홍대입구,경의·중앙선,1.04
서대문,충정로,5호선,0.76
서부여성회관,석남,인천2호선,0.76
서부여성회관,인천가좌,인천2호선,1.11
서빙고,이촌,경의·중앙선,1.25
서빙고,한남,경의·중앙선,2.16
서울대벤처타운,서원,신림선,0.69
서울숲,압구정로데오,수인·분당선,1.79
서울숲,왕십리,수인·분당선,2.07
서울역,숙대입구,4호선,0.83
서울역,시청,1호선,1.18
서울역,신촌,경의·중앙선,3.15
서울역,연신내,GTX-A,8.72
서울역,회현,4호선,0.87
서원,신림,신림선,0.73
서정리,송탄,1호선,2.22
서정리,평택지제,1호선,4.45
서해구청,아시아드경기장,인천2호선,0.86
서현,수내,수인·분당선,1.08
서현,이매,수인·분당선,1.23
석계,신이문,1호선,1.55
석계,태릉입구,6호선,0.81
석바위시장,시민공원,인천2호선,1.03
석바위시장,인천시청,인천2호선,0.88
석천사거리,인천시청,인천2호선,0.74
석촌,석촌고분,9호선,0.95
석촌,송파,8호선,0.77
석촌,송파나루,9호선,0.87
석촌,잠실,8호선,1.06
선릉,선정릉,수인·분당선,0.83
선릉,역삼,2호선,1.13
선릉,한티,수인·분당선,0.97
선부,초지,서해선,1.54
선유도,신목동,9호선,1.18
선정릉,언주,9호선,0.92
선학,신연수,인천1호선,1.11
성균관대,의왕,1호선,2.99
성균관대,화서,1호선,2.47
성남,이매,경강선,0.67
성남,판교,경강선,0.83
성복,수지구청,신분당선,1.63
성수,용답,2호선,1.90
성신여대입구,정릉,우이신설선,1.15
성신여대입구,한성대입구,4호선,1.10
성환,직산,1호선,5.25
성환,평택,1호선,9.04
세류,수원,1호선,2.84
세마,오산대,1호선,2.61
세종대왕릉,여주,경강선,5.30
센트럴파크,인천대입구,인천1호선,0.93
소래포구,월곶,수인·분당선,1.33
소래포구,인천논현,수인·분당선,0.98
소사,소새울,서해선,1.56
소사,역곡,1호선,1.47
소새울,시흥대야,서해선,2.10
소요산,청산,1호선,5.37
송내,중동,1호선,1.01
송도,연수,수인·분당선,2.51
송도,인하대,수인·분당선,2.12
송산,어룡,의정부경전철,0.63
송산,탑석,의정부경전철,0.43
송탄,진위,1호선,3.81
송파나루,한성백제,9호선,0.68
수내,정자,수인·분당선,1.55
수색,한국항공대,경의·중앙선,3.45
수서,일원,3호선,1.62
수원,화서,1호선,2.11
수유,쌍문,4호선,1.40
수진,신흥,8호선,0.73
숭의,신포,수인·분당선,1.46
숭의,인하대,수인·분당선,1.74
시민공원,주안,인천2호선,0.76
시우,원시,서해선,1.41
시우,초지,서해선,1.21
시청,을지로입구,2호선,0.83
시청,종각,1호선,1.06
시청,충정로,2호선,1.00
시흥능곡,시흥시청,서해선,1.34
시흥대야,신천,서해선,1.32
시흥시청,신현,서해선,3.46
신검단중앙,아라,인천1호선,1.75
신금호,청구,5호선,0.86
신금호,행당,5호선,0.92
신길,여의도,5호선,0.81
신길,영등포,1호선,0.85
신길,영등포시장,5호선,1.16
신길온천,안산,4호선,2.26
신길온천,안산,수인·분당선,2.26
신길온천,정왕,4호선,2.64
신길온천,정왕,수인·분당선,2.64
신논현,언주,9호선,0.87
신답,용답,2호선,0.90
신답,용두,2호선,0.92
신당,청구,6호선,0.79
신대방,신림,2호선,1.48
신대방삼거리,장승배기,7호선,1.13
신도림,영등포,1호선,1.59
신둔도예촌,이천,경강선,6.58
신목동,염창,9호선,0.75
신사,압구정,3호선,1.35
신사,잠원,3호선,0.84
신설동,용두,2호선,1.09
신설동,제기동,1호선,0.79
신연수,원인재,인천1호선,0.87
신용산,이촌,4호선,0.89
신원,양수,경의·중앙선,4.51
신이문,외대앞,1호선,0.67
신정네거리,양천구청,2호선,1.42
신중동,춘의,7호선,0.97
신창,온양온천,1호선,4.75
신천,신현,서해선,3.30
신촌,이대,2호선,0.81
신촌,홍대입구,2호선,1.20
신포,인천,수인·분당선,1.06
쌍문,창동,4호선,1.18
쌍용,아산,1호선,1.53
아산,탕정,1호선,1.83
아신,오빈,경의·중앙선,2.83
아현,이대,2호선,0.91
아현,충정로,2호선,0.70
안국,종로3가,3호선,0.72
안산,초지,4호선,1.65
안산,초지,수인·분당선,1.65
암사,암사역사공원,8호선,1.21
암사,천호,8호선,1.26
암사역사공원,장자호수공원,8호선,3.29
압구정,옥수,3호선,1.89
애오개,충정로,5호선,0.90
야당,운정,경의·중앙선,1.53
야당,탄현,경의·중앙선,2.07
야목,어천,수인·분당선,2.53
야탑,이매,수인·분당선,1.78
약수,청구,6호선,0.67
양수,운길산,경의·중앙선,1.95
양재,양재시민의숲,신분당선,1.64
양재시민의숲,청계산입구,신분당선,2.81
양평(5호선),영등포구청,5호선,0.92
양평(5호선),오목교,5호선,0.97
양평(경의·중앙선),오빈,경의·중앙선,2.19
양평(경의·중앙선),원덕,경의·중앙선,5.50
어정,지석,에버라인,0.86
어천,오목천,수인·분당선,4.96
여의나루,여의도,5호선,0.94
역곡,온수,1호선,1.31
역촌,응암,6호선,1.02
연수,원인재,수인·분당선,0.86
연천,전곡,1호선,8.53
영등포구청,영등포시장,5호선,0.81
영종,운서,공항철도,3.48
영종,청라국제도시,공항철도,10.10
영통,청명,수인·분당선,1.20
예술회관,인천시청,인천1호선,0.76
예술회관,인천터미널,인천1호선,0.92
오남,진접,4호선,1.97
오류동,온수,1호선,1.82
오리,죽전,수인·분당선,1.79
오산,오산대,1호선,2.78
오산,진위,1호선,3.86
오이도,정왕,4호선,1.23
오이도,정왕,수인·분당선,1.23
옥수,응봉,경의·중앙선,1.74
옥수,한남,경의·중앙선,1.54
온수,천왕,7호선,1.54
올림픽공원,한성백제,9호선,1.24
왕십리,응봉,경의·중앙선,1.32
왕십리,청량리,경의·중앙선,2.37
왕십리,청량리,수인·분당선,2.37
왕십리,한양대,2호선,0.84
왕십리,행당,5호선,0.75
외대앞,회기,1호선,0.90
용마산,중곡,7호선,0.86
용문,원덕,경의·중앙선,4.59
용산,이촌,경의·중앙선,1.09
용산,효창공원앞,경의·중앙선,1.07
우장산,화곡,5호선,0.87
운길산,팔당,경의·중앙선,5.87
운양,장기,김포골드라인,1.70
운연,인천대공원,인천2호선,1.15
운정중앙,킨텍스,GTX-A,5.94
운천,임진강,경의·중앙선,2.04
원당,원흥,3호선,2.70
원당,화정,3호선,2.34
원덕,지평,경의·중앙선,7.41
월롱,파주,경의·중앙선,2.04
을지로3가,을지로4가,2호선,0.48
을지로3가,을지로입구,2호선,0.88
을지로3가,종로3가,3호선,0.63
을지로3가,충무로,3호선,0.66
을지로4가,종로3가,5호선,0.81
의정부,회룡,1호선,1.29
의정부시청,흥선,의정부경전철,0.48
의정부중앙,흥선,의정부경전철,1.10
이태원,한강진,6호선,0.88
인덕원,정부과천청사,4호선,3.01
인덕원,평촌,4호선,1.40
인천공항1터미널,인천공항2터미널,공항철도,2.94
인천논현,호구포,수인·분당선,1.23
인천대입구,지식정보단지,인천1호선,1.03
일산,탄현,경의·중앙선,1.61
일산,풍산,경의·중앙선,1.74
일산,풍산,서해선,1.74
자양,청담,7호선,1.97
잠실,잠실나루,2호선,0.73
잠실,잠실새내,2호선,1.36
잠실새내,종합운동장,2호선,0.98
전곡,청산,1호선,3.28
정발산,주엽,3호선,1.57
정자,판교,신분당선,3.23
제1터미널,탑승동,공항셔틀트레인,0.84
제2터미널,탑승동,공항셔틀트레인,1.40
제기동,청량리,1호선,1.32
종각,종로3가,1호선,0.87
종로3가,종로5가,1호선,0.84
주안,주안국가산단,인천2호선,0.94
중계,하계,7호선,1.13
중랑,회기,경의·중앙선,1.71
중랑,회기,경춘선,1.71
중앙,한대앞,4호선,1.50
중앙,한대앞,수인·분당선,1.50
지식정보단지,테크노파크,인천1호선,1.01
천마산,평내호평,경춘선,3.63
청계산입구,판교,신분당선,7.82
청량리,회기,1호선,1.24
청량리,회기,경의·중앙선,1.24
청량리,회기,경춘선,1.24
캠퍼스타운,테크노파크,인천1호선,0.82
태릉입구,화랑대,6호선,0.86
평택,평택지제,1호선,3.44
하남검단산,하남시청,5호선,1.49
하남시청,하남풍산,5호선,1.26
한성대입구,혜화,4호선,0.74
합정,홍대입구,2호선,1.07
