from_iata,to_iata,km,hours,airlines
ABD,MHD,1244,2.55,2
ABD,SYZ,430,1.54,1
ABD,THR,657,1.82,3
ABS,ASW,216,1.27,1
ABT,DMM,1079,2.35,1
ABT,JED,300,1.38,1
ABT,RUH,734,1.92,1
ACZ,MHD,598,1.75,1
ADA,ADB,730,1.91,2
ADA,AYT,398,1.5,2
ADA,ESB,402,1.5,1
ADA,ISL,714,1.89,3
ADA,JED,1742,3.18,1
ADA,SAW,675,1.84,2
ADA,TZX,592,1.74,1
ADA,VAN,727,1.91,1
ADB,ADA,730,1.91,2
ADB,ASR,727,1.91,2
ADB,AYT,356,1.45,2
ADB,DIY,1141,2.43,2
ADB,ESB,543,1.68,2
ADB,EZS,1057,2.32,1
ADB,GNY,1034,2.29,1
ADB,GZT,921,2.15,2
ADB,HTY,834,2.04,1
ADB,ISL,331,1.41,4
ADB,MQM,1189,2.49,1
ADB,SAW,343,1.43,3
ADB,TZX,1121,2.4,2
ADB,VAS,858,2.07,1
ADF,ESB,543,1.68,1
ADF,ISL,904,2.13,1
ADU,MHD,1019,2.27,1
ADU,THR,390,1.49,2
AFZ,THR,568,1.71,1
AHB,CAI,1743,3.18,3
AHB,DMM,1173,2.47,1
AHB,DXB,1525,2.91,1
AHB,JED,529,1.66,2
AHB,MED,766,1.96,1
AHB,RUH,856,2.07,2
AHB,SHJ,1543,2.93,1
AHB,TIF,423,1.53,1
AHB,TUU,1283,2.6,1
AJF,JED,906,2.13,1
AJF,RUH,844,2.05,1
AJI,ESB,857,2.07,1
AJI,ISL,1212,2.51,1
AMM,AQJ,253,1.32,1
AMM,AUH,1998,3.5,3
AMM,BAH,1546,2.93,2
AMM,CAI,472,1.59,3
AMM,DMM,1461,2.83,1
AMM,DOH,1684,3.1,2
AMM,DWC,2020,3.52,1
AMM,DXB,2022,3.53,4
AMM,HBE,605,1.76,1
AMM,ISL,1212,2.51,2
AMM,JED,1160,2.45,4
AMM,KWI,1180,2.48,3
AMM,MCT,2368,3.96,2
AMM,MED,876,2.09,3
AMM,RUH,1289,2.61,3
AMM,SHJ,2032,3.54,1
AMM,SSH,444,1.56,1
AMM,TLV,109,1.14,2
AQI,JED,1020,2.27,1
AQI,RUH,380,1.48,1
AQJ,AMM,253,1.32,1
AQJ,ISL,1383,2.73,1
ASR,ADB,727,1.91,2
ASR,ISL,620,1.77,1
ASR,SAW,579,1.72,2
ASW,ABS,216,1.27,1
ASW,CAI,699,1.87,2
ASW,JED,697,1.87,1
ATZ,CAI,344,1.43,2
ATZ,JED,1018,2.27,1
ATZ,KWI,1679,3.1,1
ATZ,RUH,1584,2.98,1
ATZ,SHJ,2449,4.06,1
AUH,AMM,1998,3.5,3
AUH,BAH,452,1.56,8
AUH,CAI,2378,3.97,2
AUH,DMM,537,1.67,3
AUH,DOH,321,1.4,2
AUH,IKA,1267,2.58,1
AUH,ISL,3018,4.77,2
AUH,JED,1614,3.02,3
AUH,KIH,242,1.3,1
AUH,KWI,850,2.06,5
AUH,MCT,381,1.48,12
AUH,MED,1512,2.89,3
AUH,RUH,805,2.01,3
AWZ,BND,869,2.09,1
AWZ,DXB,935,2.17,1
AWZ,IFN,332,1.42,2
AWZ,KIH,737,1.92,2
AWZ,KWI,247,1.31,2
AWZ,MED,1166,2.46,1
AWZ,MHD,1142,2.43,3
AWZ,PGU,585,1.73,1
AWZ,RAS,670,1.84,1
AWZ,SRY,717,1.9,2
AWZ,SYZ,418,1.52,3
AWZ,TBZ,790,1.99,1
AWZ,THR,539,1.67,4
AYT,ADA,398,1.5,2
AYT,ADB,356,1.45,2
AYT,ESB,407,1.51,1
AYT,ISL,485,1.61,3
AYT,SAW,463,1.58,3
AYT,TZX,900,2.12,1
AZD,BND,559,1.7,1
AZD,MED,1643,3.05,1
AZD,MHD,690,1.86,3
AZD,THR,502,1.63,2
AZI,DXB,129,1.16,1
AZI,FJR,203,1.25,1
AZI,XSB,191,1.24,1
BAH,AMM,1546,2.93,2
BAH,AUH,452,1.56,8
BAH,CAI,1930,3.41,2
BAH,DMM,86,1.11,2
BAH,DOH,148,1.19,10
BAH,DWC,479,1.6,2
BAH,DXB,487,1.61,5
BAH,IKA,1018,2.27,1
BAH,ISL,2586,4.23,2
BAH,JED,1272,2.59,2
BAH,KWI,420,1.52,4
BAH,MCT,827,2.03,3
BAH,MED,1114,2.39,2
BAH,MHD,1399,2.75,2
BAH,RUH,421,1.53,2
BAH,SHJ,500,1.62,1
BAL,ESB,743,1.93,1
BAL,ISL,1108,2.38,1
BAL,SAW,1066,2.33,1
BDH,DXB,152,1.19,1
BDH,SYZ,400,1.5,1
BGG,ESB,667,1.83,1
BGG,ISL,1031,2.29,1
BHH,DMM,1028,2.29,1
BHH,JED,406,1.51,1
BHH,RUH,694,1.87,1
BJB,THR,571,1.71,1
BJV,ADB,124,1.16,1
BJV,ESB,562,1.7,2
BJV,ISL,426,1.53,3
BJV,SAW,430,1.54,2
BND,AWZ,869,2.09,1
BND,AZD,559,1.7,1
BND,DXB,241,1.3,2
BND,IFN,753,1.94,2
BND,KIH,250,1.31,3
BND,MHD,1049,2.31,2
BND,RAS,1290,2.61,1
BND,SRY,1089,2.36,1
BND,SYZ,452,1.56,2
BND,TBZ,1539,2.92,1
BND,THR,1057,2.32,2
BND,ZBR,445,1.56,1
BUZ,DXB,608,1.76,1
BUZ,MHD,1156,2.45,1
BUZ,SYZ,183,1.23,1
BUZ,THR,751,1.94,2
BXR,THR,994,2.24,1
CAI,AHB,1743,3.18,3
CAI,AMM,472,1.59,3
CAI,ASW,699,1.87,2
CAI,ATZ,344,1.43,2
CAI,AUH,2378,3.97,2
CAI,BAH,1930,3.41,2
CAI,DMM,1844,3.31,2
CAI,DOH,2058,3.57,2
CAI,DXB,2415,4.02,3
CAI,ELQ,1283,2.6,4
CAI,HBE,186,1.23,2
CAI,HMB,422,1.53,2
CAI,HRG,402,1.5,2
CAI,ISL,1229,2.54,2
CAI,JED,1217,2.52,3
CAI,KWI,1602,3.0,3
CAI,LXR,511,1.64,2
CAI,MCT,2756,4.45,2
CAI,MED,1027,2.28,2
CAI,RMF,596,1.75,1
CAI,RUH,1612,3.02,3
CAI,SHJ,2427,4.03,2
CAI,SSH,376,1.47,2
CAI,TIF,1325,2.66,3
CAI,TLV,392,1.49,1
CAI,TUU,542,1.68,3
CAI,YNB,935,2.17,3
CKZ,ESB,558,1.7,1
DIY,ADB,1141,2.43,2
DIY,ESB,670,1.84,1
DIY,ISL,1035,2.29,2
DIY,SAW,993,2.24,2
DLM,ISL,474,1.59,2
DLM,SAW,468,1.58,1
DMM,ABT,1079,2.35,1
DMM,AHB,1173,2.47,1
DMM,AMM,1461,2.83,1
DMM,AUH,537,1.67,3
DMM,BAH,86,1.11,2
DMM,BHH,1028,2.29,1
DMM,CAI,1844,3.31,2
DMM,DOH,225,1.28,1
DMM,DWC,565,1.71,1
DMM,DXB,573,1.72,4
DMM,EAM,1130,2.41,1
DMM,ELQ,600,1.75,1
DMM,GIZ,1298,2.62,1
DMM,HAS,811,2.01,1
DMM,HBE,2019,3.52,2
DMM,ISL,2511,4.14,2
DMM,JED,1204,2.5,2
DMM,KWI,355,1.44,6
DMM,MCT,913,2.14,1
DMM,MED,1035,2.29,2
DMM,MHD,1431,2.79,2
DMM,RUH,353,1.44,3
DMM,SHJ,586,1.73,1
DMM,TIF,1091,2.36,2
DMM,TUU,1317,2.65,1
DMM,YNB,1207,2.51,1
DNZ,ISL,363,1.45,1
DNZ,SAW,348,1.44,1
DOH,AMM,1684,3.1,2
DOH,AUH,321,1.4,2
DOH,BAH,148,1.19,12
DOH,CAI,2058,3.57,2
DOH,DMM,225,1.28,1
DOH,DWC,360,1.45,2
DOH,DXB,378,1.47,5
DOH,ELQ,792,1.99,1
DOH,ESB,2391,3.99,1
DOH,HBE,2235,3.79,1
DOH,IKA,1129,2.41,1
DOH,ISL,2734,4.42,2
DOH,JED,1331,2.66,2
DOH,KWI,568,1.71,2
DOH,LRR,384,1.48,1
DOH,LXR,1896,3.37,1
DOH,MCT,701,1.88,5
DOH,MED,1203,2.5,1
DOH,MHD,1439,2.8,1
DOH,RUH,495,1.62,3
DOH,SAW,2694,4.37,1
DOH,SHJ,393,1.49,2
DOH,SLL,951,2.19,1
DOH,SYZ,484,1.6,2
DOH,TIF,1205,2.51,1
DWC,AMM,2020,3.52,1
DWC,BAH,479,1.6,2
DWC,DMM,565,1.71,1
DWC,DOH,360,1.45,2
DWC,JED,1672,3.09,1
DWC,KWI,859,2.07,2
DWC,MCT,348,1.44,1
DWC,RUH,853,2.07,1
DXB,AHB,1525,2.91,1
DXB,AMM,2022,3.53,4
DXB,AWZ,935,2.17,1
DXB,AZI,129,1.16,1
DXB,BAH,487,1.61,4
DXB,BDH,152,1.19,1
DXB,BND,241,1.3,2
DXB,BUZ,608,1.76,1
DXB,CAI,2415,4.02,3
DXB,DMM,573,1.72,4
DXB,DOH,378,1.47,4
DXB,ELQ,1166,2.46,1
DXB,HAS,1384,2.73,1
DXB,HBE,2589,4.24,1
DXB,IFN,900,2.12,1
DXB,IKA,1200,2.5,4
DXB,ISL,3008,4.76,3
DXB,JED,1699,3.12,5
DXB,KIH,198,1.25,1
DXB,KWI,854,2.07,4
DXB,LRR,286,1.36,1
DXB,MCT,348,1.44,4
DXB,MED,1580,2.98,3
DXB,MHD,1287,2.61,1
DXB,RUH,873,2.09,4
DXB,SAW,2967,4.71,2
DXB,SLL,923,2.15,2
DXB,SYZ,550,1.69,1
DXB,TBZ,1670,3.09,1
DXB,TIF,1569,2.96,1
DXB,TUU,1890,3.36,1
DXB,XSB,301,1.38,1
DXB,YNB,1751,3.19,1
DXB,ZAH,721,1.9,1
DXB,ZBR,505,1.63,1
EAM,DMM,1130,2.41,1
EAM,JED,713,1.89,1
EAM,RUH,850,2.06,1
EDO,SAW,246,1.31,1
EJH,JED,572,1.71,1
ELQ,CAI,1283,2.6,4
ELQ,DMM,600,1.75,1
ELQ,DOH,792,1.99,1
ELQ,DXB,1166,2.46,1
ELQ,ISL,2134,3.67,1
ELQ,JED,696,1.87,1
ELQ,MED,453,1.57,1
ELQ,RUH,329,1.41,1
ELQ,SHJ,1180,2.48,1
ERC,ESB,559,1.7,1
ERC,ISL,918,2.15,1
ERC,SAW,876,2.09,1
ERZ,ESB,696,1.87,1
ERZ,ISL,1050,2.31,2
ERZ,SAW,1009,2.26,2
ESB,ADA,402,1.5,1
ESB,ADB,543,1.68,2
ESB,ADF,543,1.68,1
ESB,AJI,857,2.07,1
ESB,AYT,407,1.51,1
ESB,BAL,743,1.93,1
ESB,BGG,667,1.83,1
ESB,BJV,562,1.7,2
ESB,CKZ,558,1.7,1
ESB,DIY,670,1.84,1
ESB,DOH,2391,3.99,1
ESB,ERC,559,1.7,1
ESB,ERZ,696,1.87,1
ESB,EZS,567,1.71,1
ESB,GNY,592,1.74,1
ESB,GZP,430,1.54,1
ESB,GZT,526,1.66,1
ESB,HTY,508,1.64,1
ESB,IGD,926,2.16,1
ESB,IKA,1676,3.1,2
ESB,ISL,366,1.46,2
ESB,KCM,448,1.56,1
ESB,KSY,859,2.07,1
ESB,MQM,737,1.92,1
ESB,MSR,760,1.95,1
ESB,SAW,323,1.4,2
ESB,TEQ,443,1.55,1
ESB,TZX,582,1.73,1
ESB,VAN,908,2.13,1
ETH,HFA,361,1.45,1
ETH,SDV,284,1.35,2
ETH,TLV,273,1.34,2
EZS,ADB,1057,2.32,1
EZS,ESB,567,1.71,1
EZS,ISL,932,2.17,2
EZS,SAW,890,2.11,2
FJR,AZI,203,1.25,1
GBT,MED,1960,3.45,1
GBT,MHD,474,1.59,1
GBT,THR,308,1.39,2
GBT,ZAH,1024,2.28,2
GIZ,DMM,1298,2.62,1
GIZ,JED,642,1.8,2
GIZ,MED,902,2.13,1
GIZ,RUH,992,2.24,2
GNY,ADB,1034,2.29,1
GNY,ESB,592,1.74,1
GNY,ISL,952,2.19,2
GNY,SAW,911,2.14,1
GZP,ESB,430,1.54,1
GZP,ISL,602,1.75,1
GZP,SAW,574,1.72,1
GZT,ADB,921,2.15,2
GZT,ESB,526,1.66,1
GZT,ISL,872,2.09,3
GZT,SAW,832,2.04,2
HAS,DMM,811,2.01,1
HAS,DXB,1384,2.73,1
HAS,JED,689,1.86,1
HAS,RUH,571,1.71,1
HAS,SHJ,1397,2.75,1
HBE,AMM,605,1.76,1
HBE,CAI,186,1.23,2
HBE,DMM,2019,3.52,2
HBE,DOH,2235,3.79,1
HBE,DXB,2589,4.24,1
HBE,ELQ,1466,2.83,1
HBE,HRG,576,1.72,1
HBE,ISL,1121,2.4,2
HBE,JED,1393,2.74,7
HBE,KWI,1766,3.21,6
HBE,MED,1212,2.51,2
HBE,RUH,1794,3.24,4
HBE,SHJ,2601,4.25,1
HBE,SSH,560,1.7,2
HBE,YNB,1116,2.4,1
HDM,MHD,1014,2.27,1
HFA,ETH,361,1.45,1
HFA,SDV,81,1.1,1
HMB,CAI,422,1.53,2
HMB,JED,914,2.14,2
HMB,KWI,1627,3.03,3
HMB,RUH,1506,2.88,1
HMB,SHJ,2379,3.97,1
HOF,JED,1127,2.41,1
HOF,RUH,283,1.35,1
HOF,SHJ,606,1.76,1
HRG,CAI,402,1.5,2
HRG,HBE,576,1.72,1
HRG,ISL,1601,3.0,2
HRG,SSH,106,1.13,1
HTY,ADB,834,2.04,1
HTY,ESB,508,1.64,1
HTY,ISL,826,2.03,1
HTY,JED,1656,3.07,1
HTY,MED,1353,2.69,1
HTY,RUH,1610,3.01,1
HTY,SAW,788,1.98,2
IFN,AWZ,332,1.42,2
IFN,BND,753,1.94,2
IFN,DXB,900,2.12,1
IFN,ISL,2236,3.79,1
IFN,KER,555,1.69,1
IFN,KIH,722,1.9,2
IFN,KWI,540,1.68,1
IFN,MED,1494,2.87,1
IFN,MHD,811,2.01,3
IFN,MRX,354,1.44,1
IFN,PGU,603,1.75,1
IFN,SYZ,364,1.46,1
IFN,TBZ,786,1.98,1
IFN,THR,331,1.41,2
IGD,ESB,926,2.16,1
IGD,ISL,1277,2.6,1
IIL,THR,506,1.63,1
IKA,AUH,1267,2.58,1
IKA,BAH,1018,2.27,1
IKA,DOH,1129,2.41,1
IKA,DXB,1200,2.5,4
IKA,ESB,1676,3.1,2
IKA,ISL,2041,3.55,5
IKA,KWI,750,1.94,1
IKA,MCT,1484,2.85,1
IKA,SAW,1999,3.5,2
IKA,SHJ,1197,2.5,1
ISE,ISL,372,1.47,1
ISL,ADA,714,1.89,3
ISL,ADB,331,1.41,4
ISL,ADF,904,2.13,1
ISL,AJI,1212,2.51,1
ISL,AMM,1212,2.51,2
ISL,AQJ,1383,2.73,1
ISL,ASR,620,1.77,1
ISL,AUH,3018,4.77,2
ISL,AYT,485,1.61,3
ISL,BAH,2586,4.23,2
ISL,BAL,1108,2.38,1
ISL,BGG,1031,2.29,1
ISL,BJV,426,1.53,3
ISL,CAI,1229,2.54,2
ISL,DIY,1035,2.29,2
ISL,DLM,474,1.59,2
ISL,DMM,2511,4.14,2
ISL,DNZ,363,1.45,1
ISL,DOH,2734,4.42,2
ISL,DXB,3008,4.76,3
ISL,ELQ,2134,3.67,1
ISL,ERC,918,2.15,1
ISL,ERZ,1050,2.31,2
ISL,ESB,366,1.46,1
ISL,EZS,932,2.17,2
ISL,GNY,952,2.19,2
ISL,GZP,602,1.75,1
ISL,GZT,872,2.09,3
ISL,HBE,1121,2.4,2
ISL,HRG,1601,3.0,2
ISL,HTY,826,2.03,1
ISL,IFN,2236,3.79,1
ISL,IGD,1277,2.6,1
ISL,IKA,2041,3.55,5
ISL,ISE,372,1.47,1
ISL,JED,2356,3.94,2
ISL,KCM,798,2.0,1
ISL,KFS,419,1.52,1
ISL,KSH,1770,3.21,1
ISL,KSY,1204,2.5,1
ISL,KWI,2170,3.71,2
ISL,KYA,463,1.58,1
ISL,KZR,235,1.29,1
ISL,MCT,3351,5.19,2
ISL,MED,2087,3.61,2
ISL,MHD,2715,4.39,1
ISL,MQM,1101,2.38,1
ISL,MSR,1123,2.4,1
ISL,MZH,564,1.71,1
ISL,NAV,546,1.68,1
ISL,RUH,2431,4.04,2
ISL,SSH,1532,2.92,2
ISL,SYZ,2493,4.12,1
ISL,TBZ,1524,2.91,1
ISL,TIF,2432,4.04,1
ISL,TLV,1134,2.42,1
ISL,TZX,921,2.15,2
ISL,VAN,1271,2.59,1
ISL,VAS,697,1.87,1
ISL,YNB,2060,3.58,1
JED,ABT,300,1.38,1
JED,ADA,1742,3.18,1
JED,AHB,529,1.66,2
JED,AJF,906,2.13,1
JED,AMM,1160,2.45,4
JED,AQI,1020,2.27,1
JED,ASW,697,1.87,1
JED,ATZ,1018,2.27,1
JED,AUH,1614,3.02,3
JED,AWZ,1436,2.79,1
JED,AZD,1879,3.35,1
JED,BAH,1272,2.59,2
JED,BHH,406,1.51,1
JED,CAI,1217,2.52,3
JED,DMM,1204,2.5,2
JED,DOH,1331,2.66,2
JED,DWC,1672,3.09,1
JED,DXB,1699,3.12,5
JED,EAM,713,1.89,1
JED,EJH,572,1.71,1
JED,ELQ,696,1.87,1
JED,GBT,2242,3.8,1
JED,GIZ,642,1.8,2
JED,HAS,689,1.86,1
JED,HBE,1393,2.74,7
JED,HMB,914,2.14,2
JED,HOF,1127,2.41,1
JED,HTY,1656,3.07,1
JED,IFN,1756,3.19,1
JED,ISL,2356,3.94,3
JED,KWI,1219,2.52,5
JED,LXR,793,1.99,2
JED,MCT,1973,3.47,2
JED,MED,324,1.41,2
JED,MHD,2557,4.2,1
JED,OMH,1866,3.33,1
JED,RAE,1045,2.31,1
JED,RAS,2009,3.51,1
JED,RUH,852,2.06,5
JED,SAW,2329,3.91,1
JED,SHJ,1716,3.15,1
JED,SHW,957,2.2,1
JED,SLL,1649,3.06,1
JED,SSH,849,2.06,2
JED,SYZ,1604,3.0,1
JED,TBZ,1951,3.44,1
JED,THR,1954,3.44,1
JED,TUU,786,1.98,1
JED,URY,1098,2.37,1
JED,YNB,296,1.37,1
KCM,ESB,448,1.56,1
KCM,ISL,798,2.0,1
KCM,SAW,757,1.95,1
KER,IFN,555,1.69,1
KER,SYZ,428,1.54,1
KER,THR,799,2.0,1
KER,ZAH,392,1.49,1
KFS,ISL,419,1.52,1
KHD,THR,374,1.47,1
KHS,MCT,353,1.44,1
KIH,AUH,242,1.3,1
KIH,AWZ,737,1.92,2
KIH,BND,250,1.31,3
KIH,DXB,198,1.25,1
KIH,IFN,722,1.9,2
KIH,SYZ,362,1.45,4
KIH,THR,1050,2.31,2
KSH,ISL,1770,3.21,1
KSH,MHD,1151,2.44,2
KSH,THR,407,1.51,3
KSY,ESB,859,2.07,1
KSY,ISL,1204,2.5,1
KSY,SAW,1163,2.45,1
KWI,AMM,1180,2.48,3
KWI,ATZ,1679,3.1,1
KWI,AUH,850,2.06,4
KWI,AWZ,247,1.31,2
KWI,BAH,420,1.52,4
KWI,CAI,1602,3.0,3
KWI,DMM,355,1.44,6
KWI,DOH,568,1.71,3
KWI,DWC,859,2.07,2
KWI,DXB,854,2.07,4
KWI,HBE,1766,3.21,6
KWI,HMB,1627,3.03,3
KWI,IFN,540,1.68,1
KWI,IKA,750,1.94,1
KWI,ISL,2170,3.71,2
KWI,JED,1219,2.52,5
KWI,LRR,650,1.81,1
KWI,LXR,1556,2.95,2
KWI,MCT,1202,2.5,2
KWI,MED,970,2.21,2
KWI,MHD,1340,2.67,3
KWI,RUH,491,1.61,4
KWI,SAW,2130,3.66,4
KWI,SHJ,862,2.08,1
KWI,SSH,1332,2.67,1
KWI,SYZ,449,1.56,2
KWI,TIF,1139,2.42,1
KYA,ISL,463,1.58,1
KYA,SAW,428,1.54,2
KZR,ISL,235,1.29,1
LRR,DOH,384,1.48,1
LRR,DXB,286,1.36,1
LRR,KWI,650,1.81,1
LRR,SHJ,284,1.35,1
LRR,SYZ,271,1.34,1
LRR,THR,937,2.17,1
LXR,CAI,511,1.64,2
LXR,DOH,1896,3.37,1
LXR,JED,793,1.99,2
LXR,KWI,1556,2.95,2
LXR,RUH,1408,2.76,1
MCT,AMM,2368,3.96,2
MCT,AUH,381,1.48,11
MCT,BAH,827,2.03,3
MCT,CAI,2756,4.45,2
MCT,DMM,913,2.14,1
MCT,DOH,701,1.88,5
MCT,DWC,348,1.44,1
MCT,DXB,348,1.44,4
MCT,IKA,1484,2.85,1
MCT,ISL,3351,5.19,2
MCT,JED,1973,3.47,1
MCT,KHS,353,1.44,1
MCT,KWI,1202,2.5,2
MCT,MED,1888,3.36,2
MCT,RUH,1184,2.48,2
MCT,SHJ,340,1.43,1
MCT,SLL,850,2.06,1
MCT,SYZ,870,2.09,1
MCT,ZBR,296,1.37,1
MED,AHB,766,1.96,1
MED,AMM,876,2.09,2
MED,AUH,1512,2.89,2
MED,BAH,1114,2.39,2
MED,CAI,1027,2.28,2
MED,DMM,1035,2.29,2
MED,DOH,1203,2.5,1
MED,DXB,1580,2.98,3
MED,ELQ,453,1.57,1
MED,ESB,1841,3.3,1
MED,GIZ,902,2.13,1
MED,HBE,1212,2.51,1
MED,HTY,1353,2.69,1
MED,ISL,2087,3.61,2
MED,JED,324,1.41,2
MED,KWI,970,2.21,1
MED,MCT,1888,3.36,1
MED,RUH,708,1.89,2
MED,SAW,2058,3.57,1
MED,SHJ,1596,3.0,1
MED,TUU,523,1.65,1
MED,ULH,266,1.33,1
MHD,ABD,1244,2.55,2
MHD,ACZ,598,1.75,1
MHD,ADU,1019,2.27,1
MHD,AWZ,1142,2.43,3
MHD,AZD,690,1.86,3
MHD,BAH,1399,2.75,2
MHD,BND,1049,2.31,2
MHD,BUZ,1156,2.45,1
MHD,DMM,1431,2.79,2
MHD,DOH,1439,2.8,1
MHD,DXB,1287,2.61,1
MHD,GBT,474,1.59,1
MHD,HDM,1014,2.27,1
MHD,IFN,811,2.01,3
MHD,ISL,2715,4.39,1
MHD,KIH,1205,2.51,1
MHD,KSH,1151,2.44,2
MHD,KWI,1340,2.67,3
MHD,MED,2304,3.88,1
MHD,NSH,733,1.92,1
MHD,RAS,900,2.12,3
MHD,RZR,803,2.0,1
MHD,SHJ,1275,2.59,1
MHD,SRY,578,1.72,2
MHD,SYZ,993,2.24,3
MHD,TBZ,1205,2.51,3
MHD,THR,752,1.94,4
MHD,XBJ,373,1.47,1
MHD,ZAH,761,1.95,3
MHD,ZBR,1202,2.5,1
MQM,ADB,1189,2.49,1
MQM,ESB,737,1.92,1
MQM,ISL,1101,2.38,1
MQM,SAW,1059,2.32,2
MRX,IFN,354,1.44,1
MRX,THR,605,1.76,1
MSR,ESB,760,1.95,1
MSR,ISL,1123,2.4,1
MSR,SAW,1081,2.35,1
MZH,ISL,564,1.71,1
MZH,SAW,522,1.65,1
NAV,ISL,546,1.68,1
NAV,SAW,505,1.63,1
NSH,MHD,733,1.92,1
NSH,THR,109,1.14,1
OMH,MED,1544,2.93,1
OMH,THR,599,1.75,2
PFQ,THR,530,1.66,1
PGU,AWZ,585,1.73,1
PGU,IFN,603,1.75,1
PGU,RAS,1144,2.43,1
PGU,SYZ,241,1.3,1
PGU,THR,934,2.17,1
RAE,JED,1045,2.31,1
RAE,RUH,858,2.07,1
RAH,RUH,608,1.76,1
RAS,AWZ,670,1.84,1
RAS,BND,1290,2.61,1
RAS,MED,1703,3.13,1
RAS,MHD,900,2.12,3
RAS,PGU,1144,2.43,1
RAS,SYZ,908,2.13,1
RAS,THR,237,1.3,2
RMF,CAI,596,1.75,1
RUH,ABT,734,1.92,1
RUH,AHB,856,2.07,2
RUH,AJF,844,2.05,1
RUH,AMM,1289,2.61,3
RUH,AQI,380,1.48,1
RUH,ATZ,1584,2.98,1
RUH,AUH,805,2.01,3
RUH,BAH,421,1.53,2
RUH,BHH,694,1.87,1
RUH,CAI,1612,3.02,3
RUH,DMM,353,1.44,2
RUH,DOH,495,1.62,3
RUH,DWC,853,2.07,1
RUH,DXB,873,2.09,4
RUH,EAM,850,2.06,1
RUH,ELQ,329,1.41,1
RUH,GIZ,992,2.24,2
RUH,HAS,571,1.71,1
RUH,HBE,1794,3.24,4
RUH,HMB,1506,2.88,1
RUH,HOF,283,1.35,1
RUH,HTY,1610,3.01,1
RUH,ISL,2431,4.04,2
RUH,JED,852,2.06,5
RUH,KWI,491,1.61,4
RUH,LXR,1408,2.76,1
RUH,MCT,1184,2.48,2
RUH,MED,708,1.89,2
RUH,RAE,858,2.07,1
RUH,RAH,608,1.76,1
RUH,SAW,2394,3.99,1
RUH,SHJ,888,2.11,1
RUH,SHW,834,2.04,1
RUH,SSH,1269,2.59,3
RUH,TIF,738,1.92,2
RUH,TUI,1080,2.35,1
RUH,TUU,1070,2.34,1
RUH,ULH,875,2.09,1
RUH,URY,1169,2.46,1
RUH,YNB,878,2.1,1
RZR,MHD,803,2.0,1
RZR,THR,147,1.18,1
SAW,ADA,675,1.84,2
SAW,ADB,343,1.43,3
SAW,ASR,579,1.72,2
SAW,AYT,463,1.58,3
SAW,BAL,1066,2.33,1
SAW,BJV,430,1.54,2
SAW,DIY,993,2.24,2
SAW,DLM,468,1.58,1
SAW,DNZ,348,1.44,1
SAW,DOH,2694,4.37,1
SAW,DXB,2967,4.71,2
SAW,EDO,246,1.31,1
SAW,ERC,876,2.09,1
SAW,ERZ,1009,2.26,2
SAW,ESB,323,1.4,2
SAW,EZS,890,2.11,2
SAW,GNY,911,2.14,1
SAW,GZP,574,1.72,1
SAW,GZT,832,2.04,2
SAW,HTY,788,1.98,2
SAW,IKA,1999,3.5,2
SAW,JED,2329,3.91,1
SAW,KCM,757,1.95,1
SAW,KSY,1163,2.45,1
SAW,KWI,2130,3.66,4
SAW,KYA,428,1.54,2
SAW,MED,2058,3.57,1
SAW,MQM,1059,2.32,2
SAW,MSR,1081,2.35,1
SAW,MZH,522,1.65,1
SAW,NAV,505,1.63,1
SAW,RUH,2394,3.99,1
SAW,SHJ,2973,4.72,1
SAW,TLV,1106,2.38,2
SAW,TZX,880,2.1,2
SAW,VAN,1229,2.54,2
SAW,VAS,654,1.82,2
SDG,THR,393,1.49,1
SDV,ETH,284,1.35,2
SDV,HFA,81,1.1,1
SHJ,AHB,1543,2.93,1
SHJ,AMM,2032,3.54,1
SHJ,ATZ,2449,4.06,1
SHJ,AUH,132,1.17,1
SHJ,BAH,500,1.62,1
SHJ,CAI,2427,4.03,2
SHJ,DMM,586,1.73,1
SHJ,DOH,393,1.49,2
SHJ,ELQ,1180,2.48,1
SHJ,HAS,1397,2.75,1
SHJ,HBE,2601,4.25,1
SHJ,HMB,2379,3.97,1
SHJ,HOF,606,1.76,1
SHJ,IKA,1197,2.5,1
SHJ,JED,1716,3.15,1
SHJ,KWI,862,2.08,1
SHJ,LRR,284,1.35,1
SHJ,MCT,340,1.43,1
SHJ,MED,1596,3.0,1
SHJ,MHD,1275,2.59,1
SHJ,RUH,888,2.11,1
SHJ,SAW,2973,4.72,1
SHJ,SLL,934,2.17,1
SHJ,SYZ,550,1.69,1
SHJ,TIF,1586,2.98,1
SHJ,YNB,1766,3.21,1
SHW,JED,957,2.2,1
SHW,RUH,834,2.04,1
SLL,DOH,951,2.19,1
SLL,DXB,923,2.15,2
SLL,JED,1649,3.06,1
SLL,MCT,850,2.06,1
SLL,SHJ,934,2.17,1
SRY,AWZ,717,1.9,2
SRY,BND,1089,2.36,1
SRY,MHD,578,1.72,2
SRY,SYZ,791,1.99,1
SSH,AMM,444,1.56,1
SSH,CAI,376,1.47,2
SSH,HBE,560,1.7,2
SSH,ISL,1532,2.92,2
SSH,JED,849,2.06,2
SSH,KWI,1332,2.67,1
SSH,RUH,1269,2.59,3
SYZ,ABD,430,1.54,1
SYZ,AWZ,418,1.52,3
SYZ,BDH,400,1.5,1
SYZ,BND,452,1.56,2
SYZ,BUZ,183,1.23,1
SYZ,DOH,484,1.6,2
SYZ,DXB,550,1.69,1
SYZ,IFN,364,1.46,1
SYZ,ISL,2493,4.12,1
SYZ,KER,428,1.54,1
SYZ,KIH,362,1.45,4
SYZ,KWI,449,1.56,2
SYZ,LRR,271,1.34,1
SYZ,MCT,870,2.09,1
SYZ,MED,1390,2.74,1
SYZ,MHD,993,2.24,3
SYZ,PGU,241,1.3,1
SYZ,RAS,908,2.13,1
SYZ,SHJ,550,1.69,1
SYZ,SRY,791,1.99,1
SYZ,TBZ,1121,2.4,1
SYZ,THR,694,1.87,3
SYZ,ZAH,805,2.01,1
TBZ,AWZ,790,1.99,1
TBZ,BND,1539,2.92,1
TBZ,DXB,1670,3.09,1
TBZ,IFN,786,1.98,1
TBZ,ISL,1524,2.91,1
TBZ,MED,1631,3.04,1
TBZ,MHD,1205,2.51,3
TBZ,SYZ,1121,2.4,1
TBZ,THR,527,1.66,4
TEQ,ESB,443,1.55,1
THR,ABD,657,1.82,3
THR,ADU,390,1.49,2
THR,AFZ,568,1.71,1
THR,AWZ,539,1.67,4
THR,AZD,502,1.63,2
THR,BJB,571,1.71,1
THR,BND,1057,2.32,2
THR,BUZ,751,1.94,2
THR,BXR,994,2.24,1
THR,GBT,308,1.39,2
THR,IFN,331,1.41,2
THR,IIL,506,1.63,1
THR,KER,799,2.0,1
THR,KHD,374,1.47,1
THR,KIH,1050,2.31,2
THR,KSH,407,1.51,3
THR,LRR,937,2.17,1
THR,MED,1665,3.08,1
THR,MHD,752,1.94,4
THR,MRX,605,1.76,1
THR,NSH,109,1.14,1
THR,OMH,599,1.75,2
THR,PFQ,530,1.66,1
THR,PGU,934,2.17,1
THR,RAS,237,1.3,2
THR,RZR,147,1.18,1
THR,SDG,393,1.49,1
THR,SYZ,694,1.87,3
THR,TBZ,527,1.66,4
THR,XBJ,793,1.99,1
THR,YES,555,1.69,1
THR,ZAH,1133,2.42,2
THR,ZBR,1431,2.79,1
TIF,AHB,423,1.53,1
TIF,CAI,1325,2.66,3
TIF,DMM,1091,2.36,2
TIF,DOH,1205,2.51,1
TIF,DXB,1569,2.96,1
TIF,ISL,2432,4.04,1
TIF,KWI,1139,2.42,1
TIF,RUH,738,1.92,2
TIF,SHJ,1586,2.98,1
TLV,AMM,109,1.14,2
TLV,CAI,392,1.49,1
TLV,ETH,273,1.34,2
TLV,ISL,1134,2.42,1
TLV,SAW,1106,2.38,2
TUI,RUH,1080,2.35,1
TUU,AHB,1283,2.6,1
TUU,CAI,542,1.68,3
TUU,DMM,1317,2.65,1
TUU,DXB,1890,3.36,1
TUU,JED,786,1.98,1
TUU,MED,523,1.65,1
TUU,RUH,1070,2.34,1
TZX,ADA,592,1.74,1
TZX,ADB,1121,2.4,2
TZX,AYT,900,2.12,1
TZX,ESB,582,1.73,1
TZX,ISL,921,2.15,2
TZX,SAW,880,2.1,2
ULH,MED,266,1.33,1
ULH,RUH,875,2.09,1
URY,JED,1098,2.37,1
URY,RUH,1169,2.46,1
VAN,ADA,727,1.91,1
VAN,ESB,908,2.13,1
VAN,ISL,1271,2.59,1
VAN,SAW,1229,2.54,2
VAS,ADB,858,2.07,1
VAS,ISL,697,1.87,1
VAS,SAW,654,1.82,2
XBJ,MHD,373,1.47,1
XBJ,THR,793,1.99,1
XSB,AZI,191,1.24,1
XSB,DXB,301,1.38,1
YES,THR,555,1.69,1
YNB,CAI,935,2.17,3
YNB,DMM,1207,2.51,1
YNB,DXB,1751,3.19,1
YNB,ISL,2060,3.58,1
YNB,JED,296,1.37,1
YNB,RUH,878,2.1,1
YNB,SHJ,1766,3.21,1
ZAH,DXB,721,1.9,1
ZAH,GBT,1024,2.28,2
ZAH,KER,392,1.49,1
ZAH,MHD,761,1.95,3
ZAH,SYZ,805,2.01,1
ZAH,THR,1133,2.42,2
ZAH,ZBR,451,1.56,1
ZBR,BND,445,1.56,1
ZBR,MCT,296,1.37,1
ZBR,MHD,1202,2.5,1
ZBR,THR,1431,2.79,2
ZBR,ZAH,451,1.56,1
