iata,name,city,country,lat,lon
AGR,Agra Airport,Agra,India,27.1558,77.9609
AGX,Agatti Airport,Agatti Island,India,10.8237,72.176
AJL,Lengpui Airport,Aizwal,India,23.8406,92.6197
AMD,Sardar Vallabhbhai Patel International Airport,Ahmedabad,India,23.0772,72.6347
ATQ,Sri Guru Ram Dass Jee International Airport,Amritsar,India,31.7096,74.7973
BBI,Biju Patnaik Airport,Bhubaneswar,India,20.2444,85.8178
BDP,Bhadrapur Airport,Chandragarhi,Nepal,26.5708,88.0796
BDQ,Vadodara Airport,Baroda,India,22.3362,73.2263
BHJ,Bhuj Airport,Bhuj,India,23.2878,69.6702
BHO,Raja Bhoj International Airport,Bhopal,India,23.2875,77.3374
BHR,Bharatpur Airport,Bharatpur,Nepal,27.6781,84.4294
BHU,Bhavnagar Airport,Bhaunagar,India,21.7522,72.1852
BHV,Bahawalpur Airport,Bahawalpur,Pakistan,29.3481,71.718
BIR,Biratnagar Airport,Biratnagar,Nepal,26.4815,87.264
BLR,Kempegowda International Airport,Bangalore,India,13.1979,77.7063
BOM,Chhatrapati Shivaji International Airport,Mumbai,India,19.0887,72.8679
BWA,Gautam Buddha Airport,Bhairawa,Nepal,27.5057,83.4163
BZL,Barisal Airport,Barisal,Bangladesh,22.801,90.3012
CCJ,Calicut International Airport,Calicut,India,11.1368,75.9553
CCU,Netaji Subhash Chandra Bose International Airport,Kolkata,India,22.6547,88.4467
CGP,Shah Amanat International Airport,Chittagong,Bangladesh,22.2496,91.8133
CJB,Coimbatore International Airport,Coimbatore,India,11.03,77.0434
CJL,Chitral Airport,Chitral,Pakistan,35.8866,71.8006
CMB,Bandaranaike International Colombo Airport,Colombo,Sri Lanka,7.1808,79.8841
COK,Cochin International Airport,Kochi,India,10.152,76.4019
CXB,Cox's Bazar Airport,Cox's Bazar,Bangladesh,21.4522,91.9639
DAC,Hazrat Shahjalal International Airport,Dhaka,Bangladesh,23.8433,90.3978
DBA,Dalbandin Airport,Dalbandin,Pakistan,28.8783,64.3998
DEA,Dera Ghazi Khan Airport,Dera Ghazi Khan,Pakistan,29.961,70.4859
DED,Dehradun Airport,Dehra Dun,India,30.1897,78.1803
DEL,Indira Gandhi International Airport,Delhi,India,28.5665,77.1031
DHI,Dhangarhi Airport,Dhangarhi,Nepal,28.7533,80.5819
DHM,Kangra Airport,Kangra,India,32.1651,76.2634
DIB,Dibrugarh Airport,Mohanbari,India,27.4839,95.0169
DIU,Diu Airport,Diu,India,20.7131,70.9211
DMU,Dimapur Airport,Dimapur,India,25.8839,93.7711
DSK,Dera Ismael Khan Airport,Dera Ismael Khan,Pakistan,31.9094,70.8966
GAU,Lokpriya Gopinath Bordoloi International Airport,Guwahati,India,26.1061,91.5859
GIU,Sigiriya Air Force Base,Sigiriya,Sri Lanka,7.9567,80.7285
GOI,Dabolim Airport,Goa,India,15.3808,73.8314
GOP,Gorakhpur Airport,Gorakhpur,India,26.7397,83.4497
GWD,Gwadar International Airport,Gwadar,Pakistan,25.2333,62.3295
GWL,Gwalior Airport,Gwalior,India,26.2933,78.2278
HBX,Hubli Airport,Hubli,India,15.3617,75.0849
HJR,Khajuraho Airport,Khajuraho,India,24.8172,79.9186
HRI,Mattala Rajapaksa International Airport,Mattala,Sri Lanka,6.2845,81.1241
IDR,Devi Ahilyabai Holkar Airport,Indore,India,22.7218,75.8011
IMF,Imphal Airport,Imphal,India,24.76,93.8967
IXA,Agartala Airport,Agartala,India,23.887,91.2404
IXB,Bagdogra Airport,Baghdogra,India,26.6812,88.3286
IXC,Chandigarh Airport,Chandigarh,India,30.6735,76.7885
IXD,Allahabad Airport,Allahabad,India,25.4401,81.7339
IXE,Mangalore International Airport,Mangalore,India,12.9613,74.8901
IXG,Belgaum Airport,Belgaum,India,15.8593,74.6183
IXJ,Jammu Airport,Jammu,India,32.6891,74.8374
IXL,Leh Kushok Bakula Rimpochee Airport,Leh,India,34.1359,77.5465
IXM,Madurai Airport,Madurai,India,9.8345,78.0934
IXR,Birsa Munda Airport,Ranchi,India,23.3143,85.3217
IXS,Silchar Airport,Silchar,India,24.9129,92.9787
IXU,Aurangabad Airport,Aurangabad,India,19.8627,75.3981
IXZ,Vir Savarkar International Airport,Port Blair,India,11.6412,92.7297
JAI,Jaipur International Airport,Jaipur,India,26.8242,75.8122
JDH,Jodhpur Airport,Jodhpur,India,26.2511,73.0489
JGA,Jamnagar Airport,Jamnagar,India,22.4655,70.0126
JLR,Jabalpur Airport,Jabalpur,India,23.1778,80.052
JSR,Jessore Airport,Jessore,Bangladesh,23.1838,89.1608
KCT,Koggala Airport,Koggala,Sri Lanka,5.9937,80.3203
KEP,Nepalgunj Airport,Nepalgunj,Nepal,28.1036,81.667
KHI,Jinnah International Airport,Karachi,Pakistan,24.9065,67.1608
KTM,Tribhuvan International Airport,Kathmandu,Nepal,27.6966,85.3591
KUU,Kullu Manali Airport,Kulu,India,31.8767,77.1544
LHE,Alama Iqbal International Airport,Lahore,Pakistan,31.5216,74.4036
LKO,Chaudhary Charan Singh International Airport,Lucknow,India,26.7606,80.8893
LUH,Ludhiana Airport,Ludhiaha,India,30.8547,75.9526
LYP,Faisalabad International Airport,Faisalabad,Pakistan,31.365,72.9948
MAA,Chennai International Airport,Madras,India,12.99,80.1693
MJD,Moenjodaro Airport,Moenjodaro,Pakistan,27.3352,68.1431
MUX,Multan International Airport,Multan,Pakistan,30.2032,71.4191
MYQ,Mysore Airport,Mysore,India,12.23,76.6558
NAG,Dr. Babasaheb Ambedkar International Airport,Nagpur,India,21.0922,79.0472
PAT,Lok Nayak Jayaprakash Airport,Patina,India,25.5913,85.088
PBD,Porbandar Airport,Porbandar,India,21.6487,69.6572
PEW,Peshawar International Airport,Peshawar,Pakistan,33.9939,71.5146
PJG,Panjgur Airport,Panjgur,Pakistan,26.9545,64.1325
PKR,Pokhara Airport,Pokhara,Nepal,28.2009,83.9821
PNQ,Pune Airport,Pune,India,18.5821,73.9197
PZH,Zhob Airport,Zhob,Pakistan,31.3584,69.4636
RAJ,Rajkot Airport,Rajkot,India,22.3092,70.7795
RJH,Shah Mokhdum Airport,Rajshahi,Bangladesh,24.4372,88.6165
RPR,Raipur Airport,Raipur,India,21.1804,81.7388
RYK,Shaikh Zaid Airport,Rahim Yar Khan,Pakistan,28.3839,70.2796
SHL,Shillong Airport,Shillong,India,25.7036,91.9787
SKZ,Sukkur Airport,Sukkur,Pakistan,27.722,68.7917
SPD,Saidpur Airport,Saidpur,Bangladesh,25.7592,88.9089
STV,Surat Airport,Surat,India,21.1141,72.7418
SXR,Sheikh ul Alam Airport,Srinagar,India,33.9871,74.7742
TMI,Tumling Tar Airport,Tumling Tar,Nepal,27.315,87.1933
TRR,China Bay Airport,Trinciomalee,Sri Lanka,8.5385,81.1819
TRV,Trivandrum International Airport,Trivandrum,India,8.4821,76.9201
TRZ,Tiruchirapally Civil Airport Airport,Tiruchirappalli,India,10.7654,78.7097
TUK,Turbat International Airport,Turbat,Pakistan,25.9864,63.0302
UDR,Maharana Pratap Airport,Udaipur,India,24.6177,73.8961
UET,Quetta International Airport,Quetta,Pakistan,30.2514,66.9378
VGA,Vijayawada Airport,Vijayawada,India,16.5304,80.7968
VNS,Lal Bahadur Shastri Airport,Varanasi,India,25.4524,82.8593
VTZ,Vishakhapatnam Airport,Vishakhapatnam,India,17.7212,83.2245
ZYL,Osmany International Airport,Sylhet Osmani,Bangladesh,24.9632,91.8668
