name,lines,lat,lon
4·19민주묘지,우이신설선,37.6493635,127.0136521
가능,1호선,37.7476557,127.0447039
가락시장,3호선|8호선,37.4922475,127.1177039
가산디지털단지,1호선|7호선,37.4823798,126.8821636
가양,9호선,37.5611258,126.8550615
가오리,우이신설선,37.6420351,127.0165155
가재울,인천2호선,37.4835734,126.6844519
가정,인천2호선,37.5241073,126.6752382
가정중앙시장,인천2호선,37.517088,126.6767385
가좌,경의·중앙선,37.5688469,126.9141529
가천대,수인·분당선,37.4486968,127.1266971
가평,경춘선,37.8145424,127.5107447
간석,1호선,37.4645678,126.6924772
간석오거리,인천1호선,37.4673373,126.707837
갈매,경춘선,37.6339552,127.1147005
갈산,인천1호선,37.5167129,126.7214337
강남,2호선|신분당선,37.4979002,127.0276077
강남구청,7호선|수인·분당선,37.5167764,127.0414135
강남대,에버라인,37.2702735,127.1260023
강동,5호선,37.5358634,127.1326384
강동구청,8호선,37.5306815,127.120598
강매,경의·중앙선,37.6121383,126.8442848
강변,2호선,37.5343289,127.0952593
강일,5호선,37.5575854,127.1760948
강촌,경춘선,37.8057393,127.6341157
개롱,5호선,37.4981053,127.1348455
개봉,1호선,37.4945762,126.8581644
개포동,수인·분당선,37.4890796,127.0660515
개화,9호선,37.5784343,126.7968238
개화산,5호선,37.5728374,126.808166
거여,5호선,37.4933801,127.1437715
건대입구,2호선|7호선,37.5407875,127.0681712
걸포북변,김포골드라인,37.6315929,126.7058836
검단사거리,인천2호선,37.6019359,126.6570932
검단오류,인천2호선,37.5949031,126.6282878
검단호수공원,인천1호선,37.6024184,126.6885383
검바위,인천2호선,37.5608918,126.6774743
검암,공항철도|인천2호선,37.5691612,126.6736778
경기광주,경강선,37.3989152,127.2532951
경기도청북부청사,의정부경전철,37.7507504,127.071814
경마공원,4호선,37.4438286,127.007913
경복궁,3호선,37.5757585,126.9735668
경인교대입구,인천1호선,37.5384255,126.7225345
경전철의정부,의정부경전철,37.737445,127.0433186
경찰병원,3호선,37.4953088,127.1238319
계산,인천1호선,37.5433868,126.7278899
계양,공항철도|인천1호선,37.5717906,126.7363487
고덕,5호선,37.5550028,127.1537873
고려대,6호선,37.58975,127.0359359
고색,수인·분당선,37.2498322,126.9803937
고속터미널,3호선|7호선|9호선,37.5050376,127.0049022
고잔,4호선|수인·분당선,37.3169005,126.8220934
고진,에버라인,37.2444148,127.2141149
고촌,김포골드라인,37.6013319,126.7701876
곡산,경의·중앙선|서해선,37.6463771,126.8014149
곤제,의정부경전철,37.7503452,127.0838985
곤지암,경강선,37.350519,127.3462861
공덕,5호선|6호선|경의·중앙선|공항철도,37.5424161,126.9522541
공릉,7호선,37.6256062,127.0729869
공항시장,9호선,37.5634156,126.8104215
공항화물청사,공항철도,37.4589066,126.4776332
과천,4호선,37.4330278,126.9968428
관악,1호선,37.4191207,126.9090056
관악산,신림선,37.4688191,126.9453084
광교,신분당선,37.3024813,127.0435221
광교중앙,신분당선,37.288547,127.0514993
광나루,5호선,37.5453332,127.1035169
광명,1호선,37.4169851,126.8846994
광명사거리,7호선,37.479621,126.8538115
광운대,1호선|경춘선,37.6235166,127.0621851
광화문,5호선,37.5716332,126.9769142
광흥창,6호선,37.547449,126.932001
교대,2호선|3호선,37.4928812,127.0138064
구래,김포골드라인,37.6454185,126.6287137
구로,1호선,37.5033463,126.8823678
구로디지털단지,2호선,37.4850332,126.9025904
구룡,수인·분당선,37.4869099,127.059455
구리,8호선|경의·중앙선,37.6016366,127.1410186
구반포,9호선,37.5012703,126.9867889
구산,6호선,37.6110401,126.9170995
구성,GTX-A|수인·분당선,37.2990209,127.1057172
구의,2호선,37.5368976,127.085103
구일,1호선,37.4957217,126.8689185
구파발,3호선,37.6368537,126.9187721
국수,경의·중앙선,37.5159075,127.3982455
국제업무지구,인천1호선,37.3998563,126.6306247
국회의사당,9호선,37.5274368,126.9184254
군자,5호선|7호선,37.5571693,127.0795654
군포,1호선,37.3534284,126.9485985
굴봉산,경춘선,37.8319414,127.5571302
굴포천,7호선,37.5070361,126.7313177
굽은다리,5호선,37.5456603,127.1429306
귤현,인천1호선,37.5659095,126.7427462
금곡,경춘선,37.6373387,127.2074212
금릉,경의·중앙선,37.7518897,126.7650266
금정,1호선|4호선,37.3715851,126.9439463
금천구청,1호선,37.4563959,126.8934833
금촌,경의·중앙선,37.7665998,126.7753589
금호,3호선,37.5480153,127.0158595
기흥,수인·분당선|에버라인,37.2755066,127.1159856
길동,5호선,37.5383553,127.140159
길음,4호선,37.6024214,127.024414
김량장,에버라인,37.2372928,127.198446
김유정,경춘선,37.8184499,127.7143217
김포공항,5호선|9호선|공항철도|김포골드라인|서해선,37.5619723,126.8015364
까치산,2호선|5호선,37.5313676,126.846698
까치울,7호선,37.5062561,126.8113774
낙성대,2호선,37.4770291,126.9635445
남구로,7호선,37.485404,126.8866733
남동구청,인천2호선,37.448121,126.7373278
남동인더스파크,수인·분당선,37.4082483,126.6943986
남부터미널,3호선,37.4849718,127.0162904
남성,7호선,37.4843794,126.9718787
남영,1호선,37.5395691,126.9714083
남위례,8호선,37.4624724,127.1397967
남춘천,경춘선,37.8639923,127.7239204
남태령,4호선,37.463972,126.9889176
남한산성입구,8호선,37.451584,127.159804
내방,7호선,37.4872377,126.9921169
노들,9호선,37.5129494,126.9535788
노량진,1호선|9호선,37.5136072,126.9418701
노원,4호선|7호선,37.6561244,127.0623632
녹번,3호선,37.600943,126.9357156
녹사평,6호선,37.5347329,126.9864975
녹양,1호선,37.758501,127.042323
녹천,1호선,37.6439844,127.0516865
논현,7호선|신분당선,37.5099469,127.0218958
능곡,경의·중앙선|서해선,37.619355,126.8197461
다산,8호선,37.6237479,127.1496187
단대오거리,8호선,37.4450934,127.1567551
달미,서해선,37.3489976,126.8091335
달월,수인·분당선,37.3807129,126.7458836
답십리,5호선,37.5668495,127.0527067
당곡,신림선,37.4897299,126.927818
당산,2호선|9호선,37.534127,126.9020714
당정,1호선,37.3424456,126.9484387
대곡,3호선|GTX-A|경의·중앙선|서해선,37.6318362,126.8096784
대공원,4호선,37.435088,127.0061773
대림,2호선|7호선,37.4932804,126.8949584
대모산입구,수인·분당선,37.4913743,127.0727648
대방,1호선|신림선,37.5134068,126.9254113
대성리,경춘선,37.6838528,127.3795675
대야미,4호선,37.3272174,126.9162856
대청,3호선,37.493654,127.0795056
대치,3호선,37.4944502,127.0632186
대화,3호선,37.6761485,126.7474578
대흥,6호선,37.5476895,126.9423171
덕계,1호선,37.8179643,127.0564018
덕소,경의·중앙선,37.5875186,127.2076604
덕정,1호선,37.8424204,127.0616808
도곡,3호선|수인·분당선,37.4908838,127.0554872
도농,경의·중앙선,37.6087773,127.1612194
도라산,경의·중앙선,37.8990505,126.7084359
도림천,2호선,37.5144991,126.8826324
도봉,1호선,37.6781766,127.0453853
도봉산,1호선|7호선,37.688786,127.0461858
도심,경의·중앙선,37.5798815,127.2217583
도원,1호선,37.469062,126.6416049
도화,1호선,37.4660994,126.6674091
독립문,3호선,37.574513,126.9578197
독바위,6호선,37.6184519,126.9330576
독산,1호선,37.4668796,126.8890361
독정,인천2호선,37.5847513,126.6759397
돌곶이,6호선,37.6105343,127.0564905
동구릉,8호선,37.6101744,127.1381349
동대문,1호선|4호선,37.5707564,127.0093746
동대문역사문화공원,2호선|4호선|5호선,37.5659047,127.0081762
동대입구,3호선,37.5590197,127.0057659
동두천,1호선,37.9266917,127.0550196
동두천중앙,1호선,37.9008562,127.0564914
동막,인천1호선,37.3983933,126.6738092
동묘앞,1호선|6호선,37.571413,127.0158026
동백,에버라인,37.2691532,127.1526913
동수,인천1호선,37.4854963,126.7184187
동암,1호선,37.4699087,126.7029777
동오,의정부경전철,37.7453477,127.0571834
동인천,1호선,37.4756163,126.63231
동작,4호선|9호선,37.5021191,126.9808291
동천,신분당선,37.3378769,127.1028482
동춘,인천1호선,37.4046129,126.6805762
동탄,GTX-A,37.1984804,127.0959773
두정,1호선,36.8332818,127.149214
둔전,에버라인,37.2670626,127.2136449
둔촌동,5호선,37.5277875,127.1362849
둔촌오륜,9호선,37.5198527,127.1383293
등촌,9호선,37.5511895,126.8645708
디지털미디어시티,6호선|경의·중앙선|공항철도,37.577433,126.8980613
뚝섬,2호선,37.5475873,127.0463967
마곡,5호선,37.5602708,126.8247446
마곡나루,9호선|공항철도,37.5666674,126.8277135
마두,3호선,37.6520005,126.7777178
마들,7호선,37.6647424,127.0577568
마산,김포골드라인,37.640616,126.6441105
마석,경춘선,37.6527896,127.3116743
마장,5호선,37.5661188,127.0428899
마전,인천2호선,37.5974375,126.6673527
마천,5호선,37.4949893,127.1527509
마포,5호선,37.5396405,126.9459579
마포구청,6호선,37.5635156,126.9033737
만수,인천2호선,37.454923,126.7322622
망우,경의·중앙선|경춘선,37.5989729,127.0915707
망원,6호선,37.5559808,126.9101224
망월사,1호선,37.7094036,127.047594
망포,수인·분당선,37.245644,127.0570027
매교,수인·분당선,37.2655001,127.0157079
매봉,3호선,37.4870435,127.0469913
매탄권선,수인·분당선,37.2530511,127.0404781
먹골,7호선,37.6114362,127.0775866
면목,7호선,37.5883794,127.0875458
명동,4호선,37.5609174,126.9862899
명일,5호선,37.5519248,127.1440529
명지대,에버라인,37.23808,127.1900788
명학,1호선,37.3837522,126.93601
모란,8호선|수인·분당선,37.4321771,127.1290618
모래내시장,인천2호선,37.455804,126.719984
목동,5호선,37.5261412,126.864513
몽촌토성,8호선,37.5175496,127.1126502
무악재,3호선,37.5823147,126.9503083
문래,2호선,37.518408,126.8948387
문산,경의·중앙선,37.8553067,126.7879894
문정,8호선,37.48585,127.122484
문학경기장,인천1호선,37.4348643,126.6977716
미금,수인·분당선|신분당선,37.3499981,127.1089702
미사,5호선,37.5630584,127.1927747
미아,4호선,37.6254296,127.0264909
미아사거리,4호선,37.6131644,127.0300744
박촌,인천1호선,37.5536398,126.7450242
반월,4호선,37.3116652,126.9032326
반포,7호선,37.5081855,127.011619
발곡,의정부경전철,37.7269971,127.0529344
발산,5호선,37.5584571,126.8375125
방배,2호선,37.4814426,126.9976822
방이,5호선,37.5086178,127.1260719
방학,1호선,37.666534,127.0444265
방화,5호선,37.5773845,126.8127722
배방,1호선,36.7771457,127.0519158
백마,경의·중앙선|서해선,37.6575978,126.7949216
백석,3호선,37.6430565,126.7879533
백양리,경춘선,37.8307979,127.5891698
백운,1호선,37.4824022,126.7063864
버티고개,6호선,37.5482256,127.0066769
범계,4호선,37.3898873,126.9509188
범골,의정부경전철,37.7289028,127.043702
별내,8호선|경춘선,37.6418028,127.1280243
별내별가람,4호선,37.6680941,127.1169523
병점,1호선,37.2065157,127.0335067
보라매,7호선|신림선,37.4999833,126.919781
보라매공원,신림선,37.4953052,126.9182796
보라매병원,신림선,37.4930402,126.9243222
보문,6호선|우이신설선,37.5852622,127.0193326
보산,1호선,37.9133009,127.0573342
보정,수인·분당선,37.3123522,127.1082976
보평,에버라인,37.2587377,127.2185469
복정,8호선|수인·분당선,37.4716385,127.1266838
봉명,1호선,36.8009468,127.1352651
봉은사,9호선,37.5141546,127.0601774
봉천,2호선,37.4823536,126.9419846
봉화산,6호선,37.6173928,127.0910747
부개,1호선,37.4884186,126.7398397
부발,경강선,37.2604283,127.4903138
부천,1호선,37.4841939,126.7813237
부천시청,7호선,37.5047828,126.7631827
부천종합운동장,7호선|서해선,37.5055909,126.7974602
부평,1호선|인천1호선,37.4893315,126.7245079
부평구청,7호선|인천1호선,37.5075712,126.7198593
부평삼거리,인천1호선,37.4778965,126.7102052
부평시장,인천1호선,37.498369,126.7222192
북한산보국문,우이신설선,37.6119626,127.0082576
북한산우이,우이신설선,37.6633606,127.0123479
불광,3호선|6호선,37.6098806,126.930398
불암산,4호선,37.6695753,127.0784401
사가정,7호선,37.5807153,127.0883912
사당,2호선|4호선,37.4764777,126.9825455
사릉,경춘선,37.6511137,127.1769097
사리,수인·분당선,37.2915384,126.8573725
사우,김포골드라인,37.6203085,126.7196924
사평,9호선,37.504105,127.0153773
산곡,7호선,37.5086158,126.7036796
산본,4호선,37.3575433,126.9321639
산성,8호선,37.4568481,127.1499078
삼가,에버라인,37.2422743,127.1681525
삼각지,4호선|6호선,37.5344579,126.9729031
삼동,경강선,37.4086667,127.2033703
삼산체육관,7호선,37.5065175,126.7423065
삼성,2호선,37.5091066,127.0642476
삼성중앙,9호선,37.5130743,127.0537122
삼송,3호선,37.6531033,126.8954689
삼양,우이신설선,37.6269639,127.0181389
삼양사거리,우이신설선,37.621174,127.020514
삼전,9호선,37.504478,127.0871856
상갈,수인·분당선,37.2617522,127.1088684
상계,4호선,37.6599912,127.0726737
상도,7호선,37.5032145,126.9476896
상동,7호선,37.5058462,126.7531662
상록수,4호선,37.3028721,126.8656673
상봉,7호선|경의·중앙선|경춘선,37.5965559,127.0843139
상수,6호선,37.5477391,126.9229225
상왕십리,2호선,37.5644254,127.029212
상월곡,6호선,37.606207,127.0482569
상일동,5호선,37.5566609,127.1650911
상천,경춘선,37.7701614,127.4544037
상현,신분당선,37.2974137,127.0693373
새말,의정부경전철,37.7488705,127.0639796
새절,6호선,37.5910867,126.9134797
샛강,9호선|신림선,37.5172824,126.9283959
서강대,경의·중앙선,37.5529911,126.93427
서대문,5호선,37.5658085,126.9666095
서동탄,1호선,37.1956686,127.0518219
서부여성회관,인천2호선,37.4995411,126.6757103
서빙고,경의·중앙선,37.5195173,126.9872817
서울대벤처타운,신림선,37.4720479,126.9337423
서울대입구,2호선,37.4811907,126.9527472
서울숲,수인·분당선,37.5436201,127.0447177
서울역,1호선|4호선|GTX-A|경의·중앙선|공항철도,37.552576,126.9724492
서울지방병무청,신림선,37.5059414,126.9227816
서원,신림선,37.4781973,126.9331002
서정리,1호선,37.0556777,127.0528971
서초,2호선,37.491807,127.0076422
서해구청,인천2호선,37.5433208,126.6767447
서현,수인·분당선,37.3849257,127.1233156
석계,1호선|6호선,37.6148757,127.065768
석남,7호선|인천2호선,37.506387,126.6761225
석바위시장,인천2호선,37.4576075,126.692919
석수,1호선,37.4345411,126.9025637
석천사거리,인천2호선,37.4566506,126.7112017
석촌,8호선|9호선,37.5050452,127.1068567
석촌고분,9호선,37.502417,127.0965651
선릉,2호선|수인·분당선,37.5044396,127.0489087
선바위,4호선,37.4507449,127.003056
선부,서해선,37.3343857,126.8099592
선유도,9호선,37.5378557,126.8938639
선정릉,9호선|수인·분당선,37.510668,127.0436952
선학,인천1호선,37.427146,126.6989001
성균관대,1호선,37.3003127,126.972123
성남,경강선,37.394745,127.1206192
성복,신분당선,37.3134135,127.0803106
성수,2호선,37.5448976,127.0550553
성신여대입구,4호선|우이신설선,37.592665,127.0164111
성환,1호선,36.9153776,127.1270569
세류,1호선,37.2433133,127.014239
세마,1호선,37.1864677,127.0439663
세종대왕릉,경강선,37.2936415,127.5706498
센트럴파크,인천1호선,37.3934462,126.6347144
소래포구,수인·분당선,37.4013038,126.7325487
소사,1호선|서해선,37.4826204,126.7946398
소새울,서해선,37.4687,126.7972489
소요산,1호선,37.9471617,127.0607225
솔밭공원,우이신설선,37.6559343,127.0131587
솔샘,우이신설선,37.6202204,127.0137122
송내,1호선,37.4876022,126.7516291
송도,수인·분당선,37.4303043,126.6538721
송도달빛축제공원,인천1호선,37.4068352,126.626147
송산,의정부경전철,37.7371073,127.0873011
송정,5호선,37.5612892,126.8119992
송탄,1호선,37.075606,127.0544205
송파,8호선,37.4996207,127.1122514
송파나루,9호선,37.5112303,127.1128828
수내,수인·분당선,37.3784199,127.1142279
수락산,7호선,37.6770108,127.0552337
수리산,4호선,37.3498152,126.9253962
수색,경의·중앙선,37.5809734,126.8950228
수서,3호선|GTX-A|수인·분당선,37.487427,127.1019706
수원,1호선|수인·분당선,37.266659,127.0013487
수원시청,수인·분당선,37.2617563,127.0319033
수유,4호선,37.6379893,127.0256914
수지구청,신분당선,37.3224903,127.0947567
수진,8호선,37.4374574,127.1406647
숙대입구,4호선,37.5451375,126.9719211
숭실대입구,7호선,37.4956558,126.9541388
숭의,수인·분당선,37.461239,126.6370849
시민공원,인천2호선,37.4583648,126.6813015
시우,서해선,37.3130971,126.7957458
시청,1호선|2호선,37.5630913,126.9739637
시청·용인대,에버라인,37.2393407,127.1786666
시흥능곡,서해선,37.3702397,126.8088237
시흥대야,서해선,37.4501052,126.7930513
시흥시청,서해선,37.3820236,126.8058094
신갈,수인·분당선,37.286116,127.1113353
신검단중앙,인천1호선,37.6026243,126.6985169
신금호,5호선,37.5544558,127.0202666
신길,1호선|5호선,37.5175712,126.9165959
신길온천,4호선|수인·분당선,37.3380983,126.7661867
신내,6호선|경춘선,37.6126451,127.1032226
신논현,9호선|신분당선,37.5045465,127.0248738
신답,2호선,37.5692823,127.0474214
신당,2호선|6호선,37.5656525,127.0198141
신대방,2호선,37.4875967,126.91343
신대방삼거리,7호선,37.49972,126.9282087
신도림,1호선|2호선,37.5089506,126.8911913
신둔도예촌,경강선,37.3156754,127.405275
신림,2호선|신림선,37.4842228,126.9296985
신목동,9호선,37.544227,126.8831853
신반포,9호선,37.5035801,126.9964259
신방화,9호선,37.5674056,126.8178288
신사,3호선|신분당선,37.5161705,127.0196309
신설동,1호선|2호선|우이신설선,37.5740982,127.0263347
신연수,인천1호선,37.418023,126.6938361
신용산,4호선,37.5291568,126.9678072
신원,경의·중앙선,37.5262402,127.3724619
신이문,1호선,37.600931,127.0669802
신정,5호선,37.5250652,126.8559381
신정네거리,2호선,37.5200245,126.853057
신중동,7호선,37.5030595,126.7762185
신창,1호선,36.7694233,126.9507896
신천,서해선,37.4393371,126.7868733
신촌,2호선|경의·중앙선,37.5551787,126.9369091
신포,수인·분당선,37.4689305,126.6236807
신풍,7호선,37.5001548,126.9089367
신현,서해선,37.4096889,126.7878815
신흥,8호선,37.4410138,127.1476254
쌍문,4호선,37.6484204,127.0345485
쌍용,1호선,36.7933314,127.1205757
아라,인천1호선,37.592185,126.7133151
아산,1호선,36.7917816,127.1035459
아시아드경기장,인천2호선,37.5510172,126.6770356
아신,경의·중앙선,37.5141696,127.4421485
아차산,5호선,37.5517023,127.0898223
아현,2호선,37.5574487,126.9561344
안국,3호선,37.5768286,126.9862272
안산,4호선|수인·분당선,37.3274089,126.7879605
안암,6호선,37.5862818,127.029329
안양,1호선,37.4006749,126.9238319
암사,8호선,37.5490025,127.1270746
암사역사공원,8호선,37.5568968,127.1365133
압구정,3호선,37.5261356,127.0284705
압구정로데오,수인·분당선,37.5278201,127.0406811
애오개,5호선,37.553447,126.9566713
야당,경의·중앙선,37.7132647,126.7616058
야목,수인·분당선,37.2616308,126.8833633
야탑,수인·분당선,37.4112829,127.1286881
약수,3호선|6호선,37.5548296,127.0105499
양수,경의·중앙선,37.5464099,127.3281417
양원,경의·중앙선,37.6064164,127.1072307
양재,3호선|신분당선,37.4845433,127.034317
양재시민의숲,신분당선,37.4701433,127.0383592
양정,경의·중앙선,37.6046783,127.1941174
양주,1호선,37.7733153,127.0447041
양천구청,2호선,37.5123003,126.8659115
양천향교,9호선,37.5684782,126.8412018
양촌,김포골드라인,37.6416447,126.6147532
양평(5호선),5호선,37.525654,126.886125
양평(경의·중앙선),경의·중앙선,37.4934572,127.4912666
어룡,의정부경전철,37.7425371,127.0852351
어린이대공원,7호선,37.5476281,127.0743859
어정,에버라인,37.274898,127.1435379
어천,수인·분당선,37.2503749,126.9081819
언주,9호선,37.5073701,127.0341153
여의나루,5호선,37.5268661,126.9325101
여의도,5호선|9호선,37.5217071,126.9241053
여주,경강선,37.282823,127.6290136
역곡,1호선,37.4848544,126.8111076
역삼,2호선,37.5007895,127.0369159
역촌,6호선,37.6060541,126.9228008
연수,수인·분당선,37.4183698,126.6779472
연신내,3호선|6호선|GTX-A,37.6194491,126.920858
연천,1호선,38.1004613,127.0738629
염창,9호선,37.5470051,126.8754428
영등포,1호선,37.5154485,126.9072862
영등포구청,2호선|5호선,37.5253151,126.8965366
영등포시장,5호선,37.5227195,126.9051311
영종,공항철도,37.5120219,126.5248572
영통,수인·분당선,37.2513838,127.0712437
예술회관,인천1호선,37.4500621,126.701031
오금,3호선|5호선,37.5021419,127.1283544
오남,4호선,37.7057341,127.1923455
오류동,1호선,37.4939856,126.8434437
오리,수인·분당선,37.3406386,127.1088934
오목교,5호선,37.5245758,126.8751578
오목천,수인·분당선,37.2431034,126.9634832
오빈,경의·중앙선,37.5064442,127.4726689
오산,1호선,37.1438724,127.0666675
오산대,1호선,37.1687277,127.0633372
오이도,4호선|수인·분당선,37.3628018,126.738718
옥수,3호선|경의·중앙선,37.5408763,127.0178475
온수,1호선|7호선,37.4919928,126.8229565
온양온천,1호선,36.7806844,127.002185
올림픽공원,5호선|9호선,37.5160799,127.1303019
완정,인천2호선,37.5925926,126.6728784
왕길,인천2호선,37.5952783,126.6427535
왕십리,2호선|5호선|경의·중앙선|수인·분당선,37.5612222,127.0371358
외대앞,1호선,37.5956329,127.063374
용답,2호선,37.5617246,127.0510125
용두,2호선,37.5738711,127.038702
용마산,7호선,37.5738974,127.0864879
용문,경의·중앙선,37.4820467,127.5947947
용산,1호선|경의·중앙선,37.5305621,126.9663678
용인중앙시장,에버라인,37.2378213,127.2088372
우장산,5호선,37.5488674,126.8363427
운길산,경의·중앙선,37.555176,127.308969
운서,공항철도,37.4928378,126.4937063
운양,김포골드라인,37.6538351,126.683853
운연,인천2호선,37.4393136,126.7594871
운정,경의·중앙선,37.7262417,126.7674433
운정중앙,GTX-A,37.7161256,126.7281994
운천,경의·중앙선,37.8798294,126.7699418
원당,3호선,37.6538264,126.8433973
원덕,경의·중앙선,37.4689667,127.5454542
원시,서해선,37.3025413,126.7868312
원인재,수인·분당선|인천1호선,37.4136809,126.6856687
원종,서해선,37.5221625,126.8049364
원흥,3호선,37.6504946,126.8737376
월계,1호선,37.6323154,127.0588626
월곡,6호선,37.601924,127.041489
월곶,수인·분당선,37.3921604,126.7423159
월드컵경기장,6호선,37.5701609,126.8992939
월롱,경의·중앙선,37.7974275,126.7930258
을지로3가,2호선|3호선,37.5663629,126.9925882
을지로4가,2호선|5호선,37.5666655,126.9979998
을지로입구,2호선,37.5659777,126.982607
응봉,경의·중앙선,37.549548,127.0342619
응암,6호선,37.598774,126.9157018
의왕,1호선,37.3193973,126.9482854
의정부,1호선,37.7366367,127.0464268
의정부시청,의정부경전철,37.7393951,127.0348982
의정부중앙,의정부경전철,37.7436756,127.0498713
이대,2호선,37.5567916,126.9458415
이매,경강선|수인·분당선,37.3952494,127.1282124
이수,7호선,37.4853378,126.9819566
이천,경강선,37.264255,127.4421828
이촌,4호선|경의·중앙선,37.5226181,126.9736117
이태원,6호선,37.534481,126.994386
인덕원,4호선,37.4013614,126.9769874
인천,1호선|수인·분당선,37.4769719,126.6173267
인천가좌,인천2호선,37.4895993,126.6751276
인천공항1터미널,공항철도,37.4472569,126.4526977
인천공항2터미널,공항철도,37.4688911,126.4334999
인천논현,수인·분당선,37.4004832,126.7215322
인천대공원,인천2호선,37.44843,126.7533155
인천대입구,인천1호선,37.3860781,126.639682
인천시청,인천1호선|인천2호선,37.4567305,126.7028705
인천터미널,인천1호선,37.4419055,126.6996538
인하대,수인·분당선,37.4489904,126.6493767
일산,경의·중앙선|서해선,37.682014,126.7698544
일원,3호선,37.4837678,127.0841812
임진강,경의·중앙선,37.8882254,126.7492154
임학,인천1호선,37.5451731,126.7386823
자양,7호선,37.5308705,127.0664071
작전,인천1호선,37.5303134,126.7224693
잠실,2호선|8호선,37.5136906,127.1016671
잠실나루,2호선,37.5198837,127.1043045
잠실새내,2호선,37.5115479,127.0864332
잠원,3호선,37.5127485,127.0110886
장기,김포골드라인,37.6440357,126.6689623
장승배기,7호선,37.5049927,126.9391954
장암,7호선,37.7001801,127.053075
장자호수공원,8호선,37.5864905,127.1378478
장지,8호선,37.4788927,127.1260371
장한평,5호선,37.5615078,127.0645955
전곡,1호선,38.0237849,127.0724112
전대·에버랜드,에버라인,37.2852395,127.2196707
정릉,우이신설선,37.6027532,127.013338
정발산,3호선,37.6597112,126.7732179
정부과천청사,4호선,37.4264288,126.9897471
정왕,4호선|수인·분당선,37.3520536,126.7419901
정자,수인·분당선|신분당선,37.3653889,127.1080933
제1터미널,공항셔틀트레인,37.4495509,126.4501984
제2터미널,공항셔틀트레인,37.4660048,126.4356355
제기동,1호선,37.5783087,127.0335456
제물포,1호선,37.4666952,126.6565865
종각,1호선,37.5701195,126.9821118
종로3가,1호선|3호선|5호선,37.5720185,126.9916922
종로5가,1호선,37.5709298,127.0011763
종합운동장,2호선|9호선,37.5112839,127.0753203
주안,1호선|인천2호선,37.4648978,126.6788699
주안국가산단,인천2호선,37.4732154,126.6808599
주엽,3호선,37.670111,126.7612341
죽전,수인·분당선,37.3245639,127.1073844
중계,7호선,37.6455228,127.0638548
중곡,7호선,37.5662958,127.08449
중동,1호선,37.4867408,126.7630781
중랑,경의·중앙선|경춘선,37.5946995,127.0753534
중앙,4호선|수인·분당선,37.3160633,126.8374647
중앙보훈병원,9호선,37.5282699,127.148286
중화,7호선,37.6016296,127.07945
증미,9호선,37.557422,126.86193
증산,6호선,37.5841289,126.9098598
지석,에버라인,37.2696367,127.1364687
지식정보단지,인천1호선,37.3780649,126.6456102
지축,3호선,37.6479341,126.9149061
지평,경의·중앙선,37.4768122,127.6288612
지행,1호선,37.8915262,127.0557765
직산,1호선,36.8701914,127.1443262
진위,1호선,37.109307,127.0623878
진접,4호선,37.7212032,127.2031634
창동,1호선|4호선,37.6529636,127.0466586
창신,6호선,37.579786,127.015273
천마산,경춘선,37.659229,127.2850612
천안,1호선,36.8106632,127.1466993
천왕,7호선,37.4863535,126.8389512
천호,5호선|8호선,37.5380736,127.1232037
철산,7호선,37.4760589,126.8677626
청계산입구,신분당선,37.4483921,127.0545673
청구,5호선|6호선,37.5602864,127.0138544
청담,7호선,37.5188573,127.0500373
청라국제도시,공항철도,37.5565025,126.6246726
청량리,1호선|경의·중앙선|경춘선|수인·분당선,37.5806416,127.0482186
청명,수인·분당선,37.2599984,127.0794894
청산,1호선,37.9943328,127.0736759
청평,경춘선,37.7355228,127.4266248
초당,에버라인,37.2609153,127.1594568
초월,경강선,37.3731656,127.30047
초지,4호선|서해선|수인·분당선,37.3211622,126.8049024
총신대입구,4호선,37.487026,126.9822046
춘의,7호선,37.5037437,126.7871771
춘천,경춘선,37.8845276,127.7166203
충무로,3호선|4호선,37.5606488,126.9948063
충정로,2호선|5호선,37.5593594,126.9636659
캠퍼스타운,인천1호선,37.3879193,126.6615323
킨텍스,GTX-A,37.6651542,126.748263
탄현,경의·중앙선,37.6946855,126.761013
탑석,의정부경전철,37.7334804,127.0889389
탑승동,공항셔틀트레인,37.4557368,126.4447355
탕정,1호선,36.7878853,127.0835332
태릉입구,6호선|7호선,37.6172248,127.0745285
태평,수인·분당선,37.4397071,127.1277192
테크노파크,인천1호선,37.3820801,126.6558454
퇴계원,경춘선,37.6482702,127.1435237
파주,경의·중앙선,37.8157295,126.7922097
판교,경강선|신분당선,37.3943639,127.1111873
팔당,경의·중앙선,37.5481215,127.2429811
평내호평,경춘선,37.6532437,127.2444979
평촌,4호선,37.3942706,126.9638926
평택,1호선,36.9899153,127.0863711
평택지제,1호선,37.0182009,127.070582
풍무,김포골드라인,37.6124305,126.7324458
풍산,경의·중앙선|서해선,37.6728688,126.7859221
하계,7호선,37.6359753,127.0682067
하남검단산,5호선,37.5397123,127.2237049
하남시청,5호선,37.5416948,127.2070277
하남풍산,5호선,37.5528048,127.2043263
학동,7호선,37.5139701,127.0307332
학여울,3호선,37.4964802,127.0699125
한강진,6호선,37.5398199,127.0017633
한국항공대,경의·중앙선,37.6032316,126.8677587
한남,경의·중앙선,37.5291501,127.0085345
한대앞,4호선|수인·분당선,37.3104519,126.852888
한성대입구,4호선,37.588201,127.0053156
한성백제,9호선,37.5167113,127.1162809
한양대,2호선,37.5557274,127.0436837
한티,수인·분당선,37.496274,127.0528411
합정,2호선|6호선,37.5500781,126.9146378
행당,5호선,37.5576032,127.0299451
행신,경의·중앙선,37.611993,126.8341887
혜화,4호선,37.5821434,127.0019312
호구포,수인·분당선,37.4020968,126.7077547
홍대입구,2호선|경의·중앙선|공항철도,37.5566763,126.9234645
홍제,3호선,37.588674,126.944199
화계,우이신설선,37.6340359,127.0174308
화곡,5호선,37.5417123,126.8404024
화랑대,6호선,37.6197559,127.0837172
화서,1호선,37.2833438,126.9900975
화정,3호선,37.6345957,126.8326234
회기,1호선|경의·중앙선|경춘선,37.5891676,127.0572961
회룡,1호선|의정부경전철,37.7250332,127.0471527
회현,4호선,37.5587614,126.978436
효자,의정부경전철,37.753989,127.0773992
효창공원앞,6호선|경의·중앙선,37.5393117,126.9613534
흑석,9호선,37.508366,126.9639299
흥선,의정부경전철,37.7432726,127.0374127
